id,surname
0,Aafjes
1,Aaij
2,Aakster
3,Aaldenberg
4,Aalders
5,Aalfs
6,Aalmers
7,Aaltink
8,Aalto
9,Aaltonen
10,Aarden
11,Aarens
12,Aarle
13,Aaron
14,Aarse
15,Aarts
16,Aartsen
17,Aartsma
18,Abadjiev
19,Abano
20,Abarca
21,Abaroa
22,Abascal
23,Abasolo
24,Abatangelo
25,Abatantuono
26,Abate
27,Abategiovanni
28,Abatescianni
29,AbbÃ 
30,Abbadelli
31,Abbandonato
32,Abbas
33,Abbascia
34,Abbasi
35,Abbatangelo
36,Abbatantuono
37,Abbate
38,Abbatelli
39,Abbaticchio
40,Abbes
41,Abbey
42,Abbiati
43,Abbing
44,Abbingh
45,Abbink
46,Abbott
47,Abdullah
48,Abdullayev
49,Abdulrashid
50,Abe
51,Abel
52,Abelen
53,Abelli
54,AbellÃ³
55,Abeln
56,Abels
57,Aben
58,Ã…berg
59,Abiodun
60,Abney
61,Abraham
62,Abrahams
63,Abrahamsen
64,Abrahamson
65,Abrahamsson
66,Abram
67,Abrami
68,Abramo
69,Abrams
70,Abramsen
71,Abramson
72,Abramsson
73,Abreu
74,Abspoel
75,Abt
76,Acardi
77,Accardi
78,Accardo
79,Acciai
80,Acciaio
81,Acciaioli
82,Acconci
83,Acconcio
84,Accorsi
85,Accorso
86,Accursio
87,Acerbi
88,Acheson
89,Achilles
90,Achterberg
91,Achterkamp
92,Achterop
93,Achthoven
94,Acker
95,Ackerman
96,Ackermann
97,Acone
98,Acosta
99,Acqua
100,Acquafredda
101,Acquarone
102,Acquati
103,Adair
104,ÃdÃ¡m
105,Adam
106,Adamczak
107,Adamczyk
108,Adami
109,AdamiÄ‡
110,AdamÃ­k
111,Adamo
112,Adamoli
113,Adams
114,Adamsen
115,Adamson
116,Adamsson
117,Adcock
118,Addario
119,Addens
120,Addicks
121,Addison
122,Adebayo
123,Adelardi
124,Adema
125,Adenauer
126,Adesso
127,Adimari
128,Adkins
129,Adler
130,Admiraal
131,Adolfs
132,Adolfsson
133,Adolvsson
134,Adomaitis
135,Adriaans
136,Adriaansen
137,Adriatico
138,Adrichem
139,Aerssens
140,Affini
141,Afolabi
142,Afolayan
143,Africani
144,Africano
145,Agani
146,Agema
147,Aggio
148,Agli
149,Agnarsson
150,Agnelli
151,Agnellini
152,Agnusdei
153,AgÃ³cs
154,Agosti
155,Agostini
156,Agramunt
157,Agresta
158,Agricola
159,Agthoven
160,Agua
161,Aguado
162,Aguilar
163,Ahearn
164,Ahearne
165,Ahlberg
166,Ahlers
167,Ahlgren
168,AhlstrÃ¶m
169,Ahmad
170,ÆhmÉ™dov
171,Ahmed
172,Aiello
173,Aikema
174,Aiken
175,Ainsley
176,Ainsworth
177,Aiolfi
178,Airaldi
179,AirÃ²
180,Aita
181,Aitken
182,Aiza
183,Ajam
184,Ajello
185,Ã…kerman
186,Akerman
187,Akers
188,Ã…kesson
189,Akiyama
190,Akker
191,Akkerman
192,Akkermans
193,Akkersdijk
194,Akselsen
195,Aksoy
196,Alagona
197,Alamanni
198,Alamilla
199,Al-Amin
200,Alan
201,Albanesi
202,Albani
203,Albano
204,Alberda
205,Alberdingk
206,Alberghi
207,Alberghini
208,Alberici
209,Alberighi
210,Alberink
211,Albero
212,Albers
213,Albert
214,Alberts
215,Albertsen
216,Albertson
217,Albertsson
218,Albescu
219,Albini
220,Albinson
221,Albinsson
222,Albrecht
223,Albrechtsson
224,Albrecktsson
225,Albrektson
226,Albrektsson
227,Albricci
228,Albrici
229,Albring
230,Albronda
231,Albu
232,Albuquerque
233,Aldana
234,Aldebrandi
235,Alden
236,Aldenberg
237,Aldenkamp
238,Alderisi
239,Alderliesten
240,Alders
241,Aldershof
242,Alduino
243,Aleksandrov
244,Alekseev
245,Alemagna
246,Aleppo
247,Alesci
248,Alescio
249,Aleshire
250,Alesi
251,Alesini
252,Alesio
253,Alessandri
254,Alessi
255,Alexander
256,Alexandersen
257,Alexanderson
258,Alexandersson
259,Alexandrescu
260,Alfaro
261,Alfarsi
262,Alferink
263,Alfero
264,Alfons
265,Alfredson
266,Alfredsson
267,Alfson
268,Alfsson
269,Alger
270,Al-Ghazzawi
271,Al-Hashim
272,Ali
273,Aliberti
274,Alinari
275,Alinejad
276,Aling
277,Alink
278,Aliprandi
279,Æliyev
280,Aliyev
281,Alkema
282,Allan
283,Allard
284,Allaway
285,Allegri
286,Allegro
287,Allen
288,Alles
289,Allison
290,Allsopp
291,Alma
292,AlmÃ¡ssy
293,Almeida
294,Almstedt
295,Al-Mufti
296,AlÃ²
297,Aloi
298,Aloia
299,Aloisi
300,Alonso
301,Alscher
302,Alserda
303,Altamura
304,Altena
305,Althaus
306,Althuis
307,Altimari
308,Alting
309,Altink
310,Altoviti
311,Alunni
312,Alvarado
313,Ãlvarez
314,Alvarsson
315,Alves
316,Alvey
317,Alvin
318,Amadei
319,Amador
320,Amadori
321,Amalberti
322,Amano
323,Amantea
324,Amato
325,Amatore
326,Ambrogi
327,Ambrosi
328,Amerighi
329,Amjad
330,Amoretto
331,Amos
332,Amsel
333,Amsing
334,Amundsen
335,Anand
336,Ananias
337,Andela
338,Andersen
339,Anderson
340,Andersson
341,Andonov
342,AndrÃ©
343,Andreas
344,Andreasen
345,Andreassen
346,AndrÃ©asson
347,Andreasson
348,Andreev
349,AndrÃ©s
350,Andres
351,Andreu
352,Andrews
353,Andrewson
354,Andries
355,Andriessen
356,Andringa
357,Andrysiak
358,Anema
359,Angelov
360,Angenent
361,Anghelescu
362,Angioli
363,Angus
364,Anholts
365,Anjema
366,Anker
367,Annema
368,Annevelink
369,Ansaldi
370,Ansel
371,Anselmetti
372,Anselmi
373,Anson
374,Antal
375,Antall
376,Antema
377,Anthonsen
378,Anthonyson
379,AntiÄ‡
380,Antonelli
381,Antonescu
382,Antonini
383,Antonino
384,Antonio
385,Antoniou
386,Antonis
387,Antonise
388,Antonisen
389,Antonov
390,Antonsen
391,Antov
392,Antuma
393,AntÃºnez
394,Aoki
395,Aoyama
396,Apeldoorn
397,Apostolov
398,Appeldoorn
399,Appelhof
400,Appelo
401,Apperlo
402,Appleby
403,Appleton
404,Apted
405,Aquila
406,Aquino
407,Arany
408,Arap
409,AraÃºjo
410,Araujo
411,Araullo
412,Araya
413,Arbeid
414,Arbeider
415,Arbeit
416,Arbore
417,Arce
418,Archambault
419,Archer
420,Ardelean
421,Ardiccioni
422,Ardizzone
423,Ardovini
424,Arechavaleta
425,Arena
426,Arenas
427,Arendonk
428,Arends
429,Arendse
430,Arendsen
431,Arents
432,Arentz
433,Argall
434,Argyris
435,Arias
436,Ariesen
437,Arima
438,Arissen
439,Aritza
440,Arkema
441,Arkes
442,Arkwright
443,Arlotti
444,Armando
445,Armani
446,Ãrmannsson
447,Armati
448,ArmbrÃ¼ster
449,Armbruster
450,Armistead
451,Armstrong
452,Arnaud
453,Arnesen
454,Arnold
455,Arnolfi
456,Arnoni
457,Arntz
458,Arntzen
459,Arntzenius
460,Arreola
461,Arrighetti
462,Arrighi
463,Arrigucci
464,Arrington
465,Arriola
466,Arterberry
467,Arterbury
468,Arthur
469,Arthurson
470,Arthursson
471,Arts
472,Artz
473,Ã…rud
474,Arvidsson
475,Arzt
476,Asenov
477,Ash
478,Ashley
479,Ashworth
480,AsÃ­s
481,Asjes
482,Askes
483,Aslan
484,Asselman
485,Assenberg
486,Assendorp
487,Assies
488,Assink
489,Aston
490,Astrauskas
491,Asturias
492,Atanasov
493,Atchison
494,AteljeviÄ‡
495,Atkins
496,Atkinson
497,Atsma
498,Attar
499,Attaway
500,Atteberry
501,Atterberry
502,Attwater
503,Attwood
504,Atwater
505,Atwood
506,Aubert
507,Audley
508,Aue
509,Auer
510,Augustin
511,Augustine
512,Aukema
513,Aukes
514,Aust
515,Austin
516,Auteberry
517,Avagyan
518,Avakian
519,AvcÄ±
520,Averesch
521,Averill
522,Avery
523,Aveskamp
524,Avraham
525,Axelsen
526,Axelsson
527,Ayers
528,Aylmer
529,Ayodele
530,Ayton
531,Azarola
532,AzzarÃ 
533,Baaiman
534,Baak
535,Baanders
536,Baar
537,Baarda
538,Baardsen
539,Baardwijk
540,Baars
541,Baarsma
542,Baart
543,Baas
544,Baasch
545,Babatunde
546,Babcock
547,BabiÄ‡
548,BabiÄ
549,Babin
550,Babineaux
551,Bach
552,Bachchan
553,Bachman
554,Bachmann
555,Bachmeier
556,Bachvarov
557,BÃ¤cker
558,Backus
559,Badcock
560,Badem
561,Bader
562,Bager
563,Baggi
564,Baggins
565,Baggio
566,Baghdasaryan
567,Baghdassarian
568,Bagley
569,Baglio
570,Bagni
571,Bagnoli
572,BÃ¤hr
573,Bai
574,Baier
575,Bailey
576,Bain
577,Baines
578,Baird
579,Bajusz
580,Bakalov
581,Bakema
582,Baker
583,Bakhuizen
584,Bakke
585,Bakken
586,Bakker
587,BakÃ³
588,BÄƒlan
589,BalÃ¡Å¾
590,BalÃ¡zs
591,Balboni
592,Baldi
593,Baldini
594,Baldinotti
595,Baldovini
596,Baldwin
597,BalÄ±k
598,BÃ¡lint
599,Ball
600,Ballerini
601,Balodis
602,Balog
603,Balogh
604,Bambach
605,Bancroft
606,Banderas
607,Bandini
608,Bandoni
609,Bandyopadhyay
610,Banerjee
611,Banes
612,BanÃ­k
613,Banister
614,Banks
615,Banner
616,Bannerman
617,Bannister
618,Baran
619,BÃ¡rÃ¡ny
620,BarÃ¡th
621,Barber
622,Barbier
623,Barbieri
624,BardakÃ§Ä±
625,Bardsley
626,Barends
627,BarÄ±ÅŸ
628,Barker
629,Barlow
630,Barna
631,Barnes
632,Barnet
633,Barnett
634,Barone
635,Barr
636,Barre
637,Barret
638,Barrett
639,Barros
640,Barsamian
641,Barsotti
642,BÃ¡rta
643,Barta
644,Bartalotti
645,Bartha
646,Bartolomei
647,Bartolomeo
648,Barton
649,Bartos
650,BartoÅ¡
651,Bartosz
652,Bartram
653,Barwegen
654,Barzetti
655,Basile
656,Bass
657,Bassanelli
658,Bassani
659,Bassi
660,Basso
661,Basurto
662,Bates
663,Bateson
664,BÃ¡thory
665,BÃ¡tori
666,Battaglia
667,Battle
668,Batts
669,Baudin
670,Bauer
671,Bauers
672,Baum
673,Baumann
674,Baumbach
675,Baumer
676,Baumgarten
677,BaumgÃ¤rtner
678,Baumgartner
679,Baumhauer
680,Bautista
681,Baxter
682,Bayer
683,Bazzoli
684,Beake
685,Bean
686,Beasley
687,Beattie
688,Beatty
689,BeauchÃªne
690,Beaufort
691,Beaulieu
692,Beaumont
693,Beck
694,Becke
695,Beckenbauer
696,Becker
697,Beckert
698,Becket
699,Beckett
700,Beckham
701,Becskei
702,Bedrosian
703,Begbie
704,Behrend
705,Behrends
706,Behringer
707,Beirne
708,Beitel
709,BÃ©langer
710,Belanger
711,Belcher
712,Bell
713,Bellamy
714,Bellandi
715,Bellandini
716,Bellerose
717,Bellincioni
718,Bellini
719,Bello
720,Bellomi
721,Bellomo
722,Belloni
723,Belluomo
724,Belmont
725,Belmonte
726,Belo
727,Belrose
728,Beltz
729,Benbow
730,Bencivenni
731,Bendtsen
732,Benedetti
733,Benenati
734,Benes
735,BeneÅ¡
736,Benetton
737,Bengochea
738,Bengoechea
739,Bengoetxea
740,Bengtsdotter
741,Bengtsson
742,Benini
743,BenÃ­tez
744,Benjaminson
745,Benn
746,Bennet
747,Bennett
748,Bennington
749,Benoit
750,Benscoter
751,Benson
752,Bentley
753,Benton
754,Bentsen
755,Benvenuti
756,Beran
757,BerÃ¡nek
758,BÃ©ranger
759,Berardi
760,Berg
761,Bergamaschi
762,Berge
763,Berger
764,Bergfalk
765,Berggren
766,Berglund
767,Bergman
768,Bergmann
769,BergstrÃ¶m
770,Beridze
771,BÃ©ringer
772,Beringer
773,Berkovich
774,Berkowicz
775,Berkowitz
776,Berlusconi
777,BermÃºdez
778,Bernard
779,Bernardi
780,Bernat
781,Berne
782,Bernhard
783,Bernhardsson
784,Berntsen
785,Berntsson
786,Berry
787,Berti
788,Bertolini
789,Bertrand
790,BÄ“rziÅ†Å¡
791,Best
792,Beulen
793,Beulens
794,Beumer
795,Beumers
796,Beutel
797,Bevan
798,Beverley
799,Beverly
800,Beyer
801,Beyersdorf
802,Bezuidenhout
803,Bhattacharya
804,Biagi
805,Biancardi
806,Bianchi
807,Bianco
808,Bicchieri
809,Bieber
810,Biermann
811,Binici
812,Biondi
813,Biondo
814,Bird
815,BÃ­rÃ³
816,Bischoffs
817,Bishop
818,Biskup
819,Bisset
820,Bissette
821,Bjarnesen
822,BjÃ¶rk
823,BjÃ¶rklund
824,BjÃ¶rkman
825,BjÃ¶rnsson
826,Black
827,Blackbourne
828,Blackburn
829,Blackman
830,Blackwood
831,BlÃ¡ha
832,Blair
833,Blaise
834,Blake
835,Blakeley
836,Blakely
837,Blakeslee
838,Blakesley
839,Blanc
840,Blanchard
841,Blanchet
842,Blanchett
843,Blanco
844,Blanxart
845,Blau
846,BlaÅ¾ek
847,BlaÅ¾eviÄ‡
848,Blecher
849,Bleier
850,Blevins
851,Blom
852,Blomgren
853,Blomqvist
854,Bloodworth
855,Bloxam
856,Bloxham
857,Blue
858,Blum
859,Blumenthal
860,Blumstein
861,Blythe
862,Boatwright
863,Bobal
864,BÃ¶cker
865,Bodilsen
866,BodnÃ¡r
867,Bodrogi
868,Boehler
869,Boelens
870,Boels
871,Boer
872,Boerefijn
873,Boerio
874,Boesch
875,BogdaniÄ‡
876,Bogdanov
877,BogdanoviÄ‡
878,BognÃ¡r
879,Bogomolov
880,BÃ¶hler
881,BÃ¶hm
882,BÃ¶hme
883,BÃ¶hmer
884,Bohn
885,Boivin
886,Bokor
887,Bokori
888,BolÃ­var
889,Bolkvadze
890,Bologna
891,Bolton
892,Bonaccorsi
893,Bonaccorso
894,Bonaventura
895,Bond
896,Bondarenko
897,Bondesan
898,Bone
899,Bonfils
900,Bonham
901,Bonheur
902,Bonhomme
903,Bonnaire
904,Bonnay
905,Bonner
906,Bonnet
907,Bonney
908,Bonomo
909,Boon
910,Boone
911,Booth
912,Boothman
913,Bootsma
914,BorbÃ©ly
915,Borchard
916,Borchardt
917,Borde
918,Borg
919,Borghi
920,Borgia
921,Borgnino
922,Borgogni
923,Borislavov
924,Borisov
925,Borja
926,Boros
927,Borst
928,Borysov
929,BÃ¶sch
930,Bosch
931,Bosco
932,Bosko
933,Bosque
934,Botello
935,Both
936,Botha
937,Bothe
938,BÃ¶ttcher
939,Botterill
940,Botwright
941,Bouchard
942,Boucher
943,Boulos
944,Bourdillon
945,Bourke
946,Bourne
947,Bourreau
948,Bousaid
949,Bouwmeester
950,Bove
951,Bover
952,Boveri
953,Bowen
954,Bowman
955,Boyadjiev
956,Boyadzhiev
957,Boyanov
958,Boyce
959,Boyd
960,Boyko
961,Boyle
962,Bozhidarov
963,BoÅ¾iÄ‡
964,Braam
965,Braband
966,Braddock
967,Braden
968,Bradford
969,Bradley
970,Brady
971,Brahms
972,Brambilla
973,Brams
974,Bramson
975,Brand
976,BrÃ¤ndle
977,Brandon
978,Brandt
979,BrankoviÄ‡
980,BrankoviÄ
981,Brankovich
982,Brannon
983,Branson
984,Brant
985,Brantley
986,Brasher
987,Brassington
988,Brauer
989,Braun
990,Braune
991,Braxton
992,Bray
993,Breckenridge
994,Breckinridge
995,Breda
996,Breen
997,Breiner
998,Breisacher
999,Breitbarth
1000,Brennan
1001,Brent
1002,Bret
1003,Brett
1004,Bretz
1005,Brewer
1006,Brewster
1007,Brice
1008,Bridges
1009,Brigham
1010,Brinkerhoff
1011,Brinley
1012,Brioschi
1013,Brisbois
1014,Bristol
1015,Bristow
1016,Brittain
1017,Britton
1018,Brivio
1019,Broadbent
1020,Brock
1021,Brodbeck
1022,Brodeur
1023,Brodie
1024,Brody
1025,Brogan
1026,Bronson
1027,Brook
1028,Brooke
1029,Brooks
1030,Brose
1031,Brotz
1032,Brown
1033,Browne
1034,Brownlow
1035,Broz
1036,BroÅ¾
1037,BroÅ¼
1038,Bruce
1039,Bruhn
1040,Brun
1041,Brune
1042,Brunet
1043,Brunetti
1044,Bruno
1045,Bryan
1046,Bryant
1047,Bryce
1048,Bryson
1049,Brzezicki
1050,Buchanan
1051,Buchholz
1052,Buchvarov
1053,Buckholtz
1054,Buckley
1055,Budai
1056,Buday
1057,Budny
1058,Buffone
1059,Buhr
1060,BÃ¹i
1061,BÃ¼ki
1062,Bukoski
1063,Bukowski
1064,Bul
1065,Bulgarelli
1066,Bulgari
1067,Bull
1068,Bullard
1069,Bulle
1070,Bullens
1071,Bullock
1072,Bumgarner
1073,Bunker
1074,Bunnag
1075,Bunschoten
1076,Buonarroti
1077,Burakgazi
1078,Bureau
1079,BureÅ¡
1080,Burgess
1081,Burgstaller
1082,Burke
1083,Burnham
1084,Burns
1085,Burrell
1086,Burton
1087,Busch
1088,Bush
1089,Bustillo
1090,Busto
1091,Bustos
1092,Butcher
1093,Butkus
1094,Butler
1095,Butts
1096,Byquist
1097,Byqvist
1098,Byrd
1099,Byrne
1100,Byrnes
1101,BystrÃ¶m
1102,Caballero
1103,Cabello
1104,Cabral
1105,Cabrera
1106,Cadwallader
1107,CÉ™fÉ™rov
1108,Caiazzo
1109,Caito
1110,Caivano
1111,Calabrese
1112,Caldwell
1113,Calhoun
1114,Callaghan
1115,Callahan
1116,Callan
1117,Calligaris
1118,Calvin
1119,Calvo
1120,Cameron
1121,Campana
1122,Campbell
1123,Campo
1124,Campos
1125,Cannon
1126,Cano
1127,Cantrell
1128,CantÃº
1129,CantÃ¹
1130,CaomhÃ¡nach
1131,Capela
1132,Capella
1133,Capello
1134,Capilla
1135,Capitani
1136,Carbone
1137,Carboni
1138,Cardona
1139,Cardoso
1140,Cardozo
1141,Carey
1142,Carideo
1143,Carl
1144,Carlevaro
1145,Carlisle
1146,Carlsen
1147,Carlson
1148,Carlsson
1149,Carlyle
1150,Carman
1151,Carmody
1152,Carnevale
1153,Caro
1154,Caron
1155,Carpenter
1156,Carpentier
1157,Carr
1158,Carran
1159,Carrara
1160,Carrasco
1161,Carroll
1162,Carson
1163,Carstensen
1164,Carter
1165,Cartwright
1166,Caruso
1167,Carvalho
1168,Carver
1169,Cary
1170,Casal
1171,Casale
1172,Casales
1173,Casey
1174,Cason
1175,Cassano
1176,Cassidy
1177,Castell
1178,Castellano
1179,Castelo
1180,Castilla
1181,Castillo
1182,Castle
1183,Castro
1184,CatalÃ¡n
1185,Catalano
1186,Cattaneo
1187,Caulfield
1188,Causer
1189,Causey
1190,Cavalcante
1191,Cavallo
1192,Cavan
1193,Cavanagh
1194,Cavanah
1195,Cavanaugh
1196,Cavey
1197,ÄŒech
1198,Cecil
1199,Ceelen
1200,ÄŒermÃ¡k
1201,Cermak
1202,ÄŒernÃ­k
1203,ÄŒernÃ½
1204,Cervantes
1205,ÄŒervenka
1206,ÄŒerveny
1207,Chadwick
1208,Chai
1209,Chaikin
1210,Chalupa
1211,ChalupnÃ­k
1212,Chamberlain
1213,Chambers
1214,Chan
1215,Chance
1216,Chancellor
1217,Chandler
1218,Chang
1219,Chaplin
1220,Chapman
1221,Chaput
1222,Charbonneau
1223,Charles
1224,Charmchi
1225,Charpentier
1226,Charron
1227,Chase
1228,Chastain
1229,Chaudhari
1230,Chaudhary
1231,Chaudhri
1232,Chaudhuri
1233,Chauvin
1234,ChavarrÃ­a
1235,Chavdarov
1236,Chaves
1237,ChÃ¡vez
1238,Chayka
1239,Chaykovsky
1240,Chen
1241,Cheshire
1242,Chester
1243,Cheung
1244,Chevalier
1245,Chevrolet
1246,Chey
1247,Chia
1248,Chiba
1249,Chilikov
1250,Chlebek
1251,Chmela
1252,Chmiel
1253,Cho
1254,Choe
1255,Choi
1256,Chong
1257,Chou
1258,Choudhary
1259,Choudhury
1260,Chow
1261,Chowdhury
1262,Christensen
1263,Christian
1264,Christians
1265,Christiansen
1266,Christianson
1267,Christinsen
1268,Christison
1269,Christoffersen
1270,Christopher
1271,Christophers
1272,Christopherson
1273,Chu
1274,Chung
1275,Church
1276,ChvÃ¡tal
1277,ÄŒiernik
1278,Cinege
1279,Cingolani
1280,Cino
1281,Ciobanu
1282,Cipriani
1283,Cisternino
1284,ÄŒÃ­Å¾ek
1285,ÄŒÃ­Å¾ik
1286,Claasen
1287,Clacher
1288,Claes
1289,Claesson
1290,Clark
1291,Clarke
1292,Clarkson
1293,Clausen
1294,Clay
1295,Clayton
1296,Cleary
1297,Clemens
1298,Clemensen
1299,ClÃ©ment
1300,Clement
1301,Clery
1302,Clifford
1303,Clifton
1304,Cline
1305,Clinton
1306,Cloet
1307,Close
1308,Cloutier
1309,Cobb
1310,Coburn
1311,Cock
1312,Cockburn
1313,Cocks
1314,Cody
1315,Coelho
1316,Coello
1317,Coeman
1318,Coemans
1319,Coenen
1320,Coghlan
1321,Cohen
1322,Coiro
1323,Cojocaru
1324,Coke
1325,Cokes
1326,Cola
1327,Colbert
1328,Cole
1329,Coleman
1330,Colijn
1331,Colin
1332,Collingwood
1333,Collins
1334,Colombera
1335,Colombo
1336,ColÃ³n
1337,Colquhoun
1338,Colt
1339,Colton
1340,Columbo
1341,Combs
1342,Como
1343,Comstock
1344,Comtois
1345,Confortola
1346,Connell
1347,Connelly
1348,Conner
1349,Connery
1350,Connolly
1351,Connor
1352,Conroy
1353,Constable
1354,Constantin
1355,Constantinescu
1356,Constantino
1357,Conti
1358,Contreras
1359,Cook
1360,Cooke
1361,Cookson
1362,Coolen
1363,Coombs
1364,Cooney
1365,Cooper
1366,Copperfield
1367,Coppola
1368,Corcoran
1369,Corey
1370,Corleone
1371,Corna
1372,Cornell
1373,Cornett
1374,CorrÃ 
1375,CortÃ©s
1376,Cortez
1377,Corti
1378,Corvi
1379,Corwin
1380,Cory
1381,Ä†osiÄ‡
1382,Costa
1383,Costantini
1384,Costanzo
1385,Coste
1386,CÃ´tÃ©
1387,Cotterill
1388,Couch
1389,Coughlan
1390,Coughlin
1391,Coumans
1392,Coupe
1393,Courtemanche
1394,Courtenay
1395,Courtney
1396,Courtois
1397,Cousineau
1398,Coutts
1399,Couture
1400,Cowden
1401,Cox
1402,Coy
1403,Cracchiolo
1404,Craig
1405,Crawford
1406,Cremaschi
1407,Cremona
1408,Cremonesi
1409,Crespi
1410,Crespo
1411,Crewe
1412,Crisp
1413,CrnÄeviÄ‡
1414,Croce
1415,Crocetti
1416,Croft
1417,Cropper
1418,Cross
1419,Crouch
1420,Cruickshank
1421,Crusan
1422,Cruyssen
1423,Cruz
1424,CsÃ¡szÃ¡r
1425,Cseh
1426,Csintalan
1427,Csizmadia
1428,Csonka
1429,Csorba
1430,ÄŒtvrtnÃ­k
1431,Cucinotta
1432,CuÃ©llar
1433,Cuesta
1434,Cuevas
1435,Cuijper
1436,Cuijpers
1437,Cullen
1438,Cummings
1439,Cummins
1440,Cunningham
1441,Cuocco
1442,Cuoco
1443,Curran
1444,Curry
1445,Curtis
1446,Cuyper
1447,Cuypers
1448,Cvetkov
1449,Czajka
1450,Czajkowski
1451,Czinege
1452,Daalman
1453,Daalmans
1454,Dabney
1455,Da Costa
1456,Daelman
1457,Daelmans
1458,D'Agostino
1459,Dahl
1460,Dahlman
1461,Dahlmans
1462,Dalca
1463,Dale
1464,Daley
1465,Dalgaard
1466,DalÃ­
1467,Dallas
1468,Dalton
1469,Daly
1470,Dam
1471,D'Ambrosio
1472,Damiani
1473,D'Amore
1474,Damyanov
1475,Danailov
1476,Danchev
1477,Dane
1478,Danell
1479,D'Angelo
1480,Daniau
1481,Daniel
1482,Daniell
1483,Danielov
1484,Daniels
1485,Danielsen
1486,Danielson
1487,Danielsson
1488,Dannel
1489,Danniel
1490,Danniell
1491,D'Antonio
1492,D'Aramitz
1493,Darbinian
1494,Darbinyan
1495,Darby
1496,Darcy
1497,Darrell
1498,Darrow
1499,Darwin
1500,Darzi
1501,Das
1502,Daskalov
1503,Daube
1504,Daubney
1505,Daugherty
1506,Daviau
1507,DÃ¡vid
1508,David
1509,DavidoviÄ‡
1510,Davids
1511,Davidsen
1512,Davidson
1513,Davidyan
1514,Davies
1515,Davin
1516,Davis
1517,Davison
1518,Davtyan
1519,Dawson
1520,Day
1521,D'Cruz
1522,D'Cruze
1523,Deacon
1524,Deadman
1525,DeÃ¡k
1526,Dean
1527,De Angelis
1528,Deasmhumhain
1529,DeasÃºn
1530,Debenham
1531,De Campo
1532,De Cloet
1533,Dedrick
1534,Deering
1535,De Felice
1536,De Filippis
1537,De Fiore
1538,Deforest
1539,DeGarmo
1540,DeÄŸirmenci
1541,De Groot
1542,De Jong
1543,De Jonker
1544,De Klerk
1545,De Kloet
1546,Delacroix
1547,De la Cruz
1548,Dela Cruz
1549,De La Fontaine
1550,De la Fuente
1551,Delaney
1552,De Lang
1553,De Lange
1554,Delany
1555,De Laurentis
1556,Del Bosque
1557,De LeÃ³n
1558,Delgado
1559,Del Olmo
1560,De Lorenzo
1561,Del RÃ­o
1562,De Luca
1563,Demetriou
1564,Demir
1565,Demirci
1566,DemiroviÄ‡
1567,Dempsey
1568,Deniau
1569,Deniaud
1570,Deniel
1571,Denis
1572,Denman
1573,Dennel
1574,Dennell
1575,Dennis
1576,Denzel
1577,Denzil
1578,De Palma
1579,Derby
1580,De Rege
1581,Derichs
1582,Dermott
1583,Derrick
1584,Derricks
1585,Derrickson
1586,De Santiago
1587,De Santis
1588,Deschamps
1589,Descoteaux
1590,Desjardins
1591,De Smet
1592,Desmond
1593,De Snaijer
1594,Desroches
1595,Desrosiers
1596,De Veen
1597,De Ven
1598,Devereux
1599,Devin
1600,Devine
1601,De Vitis
1602,De Vito
1603,Devlin
1604,De Vries
1605,De Vroom
1606,De Vroome
1607,De Wit
1608,De With
1609,De Witt
1610,De Witte
1611,Dexter
1612,Di Antonio
1613,Dias
1614,DÃ­az
1615,Dibra
1616,Di Caprio
1617,Dick
1618,Dickens
1619,Dickenson
1620,Dickinson
1621,Dickman
1622,Dickson
1623,Diefenbach
1624,Dierickx
1625,Dieter
1626,Dietrich
1627,DÃ­ez
1628,Dijkstra
1629,Di Mercurio
1630,Dimitriou
1631,Dimitrov
1632,Dimov
1633,Di Napoli
1634,Dinapoli
1635,Dioli
1636,Di Pasqua
1637,Di Pietro
1638,Dirchs
1639,Dircks
1640,Dircksens
1641,Dirckx
1642,Dirix
1643,Dirks
1644,Dirkse
1645,Dirksen
1646,Dirkx
1647,Disney
1648,Di Stefano
1649,Dittmar
1650,Dixon
1651,Äá»—
1652,Dobbs
1653,Dobos
1654,Dobrev
1655,Dobson
1656,Doctor
1657,Dodge
1658,Doherty
1659,Dohman
1660,Dolan
1661,DoleÅ¾al
1662,DomÃ­nguez
1663,Donaghue
1664,Donalds
1665,Donaldson
1666,Donati
1667,Donne
1668,Donnell
1669,Donnelly
1670,D'Onofrio
1671,Donoghue
1672,Donohoe
1673,Donohue
1674,Donovan
1675,Doran
1676,ÄorÄ‘eviÄ‡
1677,Dorsey
1678,Doubek
1679,Dougherty
1680,Douglas
1681,Douglass
1682,D'Ovidio
1683,Downer
1684,Doyle
1685,Draganov
1686,DragiÄ‡
1687,Drago
1688,Dragomirov
1689,Dragov
1690,DragoviÄ‡
1691,Drake
1692,Draper
1693,Drechsler
1694,Drees
1695,Dreesen
1696,Dreesens
1697,Dreessen
1698,Dreher
1699,Dreier
1700,Dreschner
1701,Dresdner
1702,Dressler
1703,Dreyer
1704,Dries
1705,Driessen
1706,Driscoll
1707,Droit
1708,Drummond
1709,Du
1710,Duane
1711,Duarte
1712,Dubanowski
1713,Dubhghlas
1714,Dubicki
1715,Dubois
1716,Duchamp
1717,Duchamps
1718,Dudley
1719,Duerr
1720,Duff
1721,Duffy
1722,Dufort
1723,Dufour
1724,Duguay
1725,Duke
1726,Dukes
1727,Dumas
1728,Dumbledore
1729,Dumitrescu
1730,Dumitru
1731,Dumont
1732,Dunai
1733,Dunajski
1734,Dunbar
1735,Duncan
1736,Duncanson
1737,Dunkel
1738,Dunn
1739,Dunst
1740,Dupond
1741,Dupont
1742,Dupuis
1743,Dupuy
1744,DurÃ¡n
1745,Durand
1746,Durant
1747,Durante
1748,ÄuriÄ‡
1749,Durnin
1750,DÃ¼rr
1751,DuÅ¡ek
1752,Dustin
1753,Duval
1754,DvoÅ™Ã¡k
1755,Dwerryhouse
1756,Dwight
1757,Dyer
1758,Dykstra
1759,Dyson
1760,Dziedzic
1761,Eads
1762,Eady
1763,Earl
1764,Earls
1765,Easom
1766,Eason
1767,Easton
1768,Eaton
1769,Eberhardt
1770,Ebner
1771,Ebrahimi
1772,Eccleston
1773,Ecclestone
1774,EchevarrÃ­a
1775,EcheverrÃ­a
1776,Eckstein
1777,Edgar
1778,Edison
1779,Edvardsen
1780,Edwards
1781,Edwardson
1782,Eerkens
1783,Egger
1784,EglÄ«tis
1785,Eichel
1786,Eide
1787,Eikenboom
1788,Eilerts
1789,Einarsson
1790,Ek
1791,Eklund
1792,EkmekÃ§i
1793,El-Amin
1794,Eld
1795,Elder
1796,Eldred
1797,Eldridge
1798,Elena
1799,El-Ghazzawy
1800,El-Hashem
1801,Eliassen
1802,Eliasson
1803,Eliot
1804,Eliott
1805,Elizondo
1806,Ellery
1807,Ellington
1808,Elliot
1809,Elliott
1810,Ellis
1811,Ellison
1812,Ellisson
1813,Elliston
1814,Ellsworth
1815,Elmer
1816,Elmersson
1817,El-Mofty
1818,Elvis
1819,Elwes
1820,Elwin
1821,Elwyn
1822,Ely
1823,Elzinga
1824,Emerson
1825,Ã‰mile
1826,Emmet
1827,Emmett
1828,Emmitt
1829,Endicott
1830,Engberg
1831,Engel
1832,English
1833,Engman
1834,EngstrÃ¶m
1835,Ennis
1836,Enns
1837,Episcopo
1838,Erckens
1839,ErdÅ‘s
1840,Erickson
1841,Ericson
1842,Ericsson
1843,Eriksen
1844,Eriksson
1845,Erkens
1846,Ermacora
1847,ErÅ‘s
1848,Escamilla
1849,EscÃ¡rcega
1850,EscarrÃ 
1851,Esparza
1852,Espensen
1853,Espenson
1854,Espina
1855,Espino
1856,Espinosa
1857,Espinoza
1858,Esposito
1859,Esser
1860,Essert
1861,Esteban
1862,Esteves
1863,EstÃ©vez
1864,Estrada
1865,Eszes
1866,Etxebarria
1867,Etxeberria
1868,Eustis
1869,Evangelista
1870,Evans
1871,Evanson
1872,Evelyn
1873,Evensen
1874,Evered
1875,Everett
1876,Everhart
1877,Everill
1878,Everly
1879,Evers
1880,Ewart
1881,ExpÃ³sito
1882,Ezra
1883,Fabbri
1884,Fabbro
1885,Fabel
1886,FÃ¡biÃ¡n
1887,Fabian
1888,Fabien
1889,Fabre
1890,Fabron
1891,Faerber
1892,Fairbairn
1893,Fairburn
1894,Fairchild
1895,Fairclough
1896,Falco
1897,Falconer
1898,Falk
1899,Falkenrath
1900,Fan
1901,Fannon
1902,FaragÃ³
1903,Faraldo
1904,FÃ¤rber
1905,Farina
1906,Farkas
1907,Farmer
1908,Farnham
1909,Farran
1910,Farrell
1911,Farro
1912,Fashingbauer
1913,Fattore
1914,Faucher
1915,Faucheux
1916,Faulkner
1917,Faure
1918,Faust
1919,Fausti
1920,Fava
1921,Favager
1922,Favero
1923,Favre
1924,Favreau
1925,Fay
1926,Fazekas
1927,Fear
1928,Fedorov
1929,FehÃ©r
1930,Feigenbaum
1931,Fejes
1932,Fekete
1933,Feld
1934,Feldt
1935,Feliciano
1936,FÃ©lix
1937,Feng
1938,Fenn
1939,Fenstermacher
1940,Ferber
1941,Ferguson
1942,Fermi
1943,Fernandes
1944,FernÃ¡ndez
1945,Ferrara
1946,Ferrari
1947,Ferraro
1948,Ferreira
1949,Ferreiro
1950,Ferrer
1951,Ferrero
1952,Ferreyra
1953,Ferri
1954,Ferro
1955,Fertig
1956,FÃ¨vre
1957,Fiala
1958,Fiddler
1959,Fiedler
1960,Field
1961,Fields
1962,Fierro
1963,Figueroa
1964,Filep
1965,Filipek
1966,Filipov
1967,FilipoviÄ‡
1968,Filipowski
1969,Filippi
1970,Filippov
1971,Finch
1972,Findlay
1973,Fini
1974,Finley
1975,Finn
1976,Finnegan
1977,Finnin
1978,Fiore
1979,Firmin
1980,Fiscella
1981,Fischer
1982,Fisher
1983,Fishman
1984,Fisker
1985,Fitzgerald
1986,Fitzpatrick
1987,Fitzroy
1988,Fitzsimmons
1989,Flanagan
1990,Flanagon
1991,Flater
1992,Fleischer
1993,Fleming
1994,Fletcher
1995,Flintstone
1996,Flipse
1997,Flipsen
1998,Flores
1999,Floros
2000,Floyd
2001,Flynn
2002,Fodor
2003,Foerstner
2004,Foley
2005,Fonda
2006,Fonseca
2007,Fontaine
2008,Fontana
2009,Ford
2010,Forest
2011,Forester
2012,Forestier
2013,Forney
2014,Forrest
2015,Forsberg
2016,Forst
2017,FÃ¶rstner
2018,Fortier
2019,Fortuin
2020,Fortunato
2021,Fortune
2022,Fortuyn
2023,Foss
2024,Fosse
2025,Foster
2026,Foth
2027,Fournier
2028,Fowler
2029,Fox
2030,Francis
2031,Franco
2032,FranÃ§ois
2033,FraniÄ‡
2034,FranjiÄ‡
2035,Frank
2036,Franke
2037,Frankenstein
2038,Franklin
2039,Franklyn
2040,Fransson
2041,Franzese
2042,Fraser
2043,Frazier
2044,Frederiksen
2045,Fredriksen
2046,Fredriksson
2047,Freeman
2048,Frei
2049,Freitas
2050,Fresel
2051,Freud
2052,Freudenberger
2053,Freund
2054,Fried
2055,Friedrich
2056,Friel
2057,Frisk
2058,Fromm
2059,Frost
2060,Fry
2061,Frye
2062,Fuchs
2063,Fuentes
2064,Fuhrmann
2065,Fujimori
2066,Fujimoto
2067,Fujioka
2068,Fujisawa
2069,Fujita
2070,Fujiwara
2071,Fukui
2072,Fuller
2073,FÃ¼lÃ¶p
2074,Fulton
2075,Funar
2076,Furlan
2077,Furnadjiev
2078,FÃ¼rst
2079,Fusco
2080,Fux
2081,Fylan
2082,Fyodorov
2083,GaÃ¡l
2084,Gabler
2085,GÃ¡bor
2086,Gabor
2087,Gabrielli
2088,Gabriels
2089,Gabrielson
2090,Gadhavi
2091,Gadsby
2092,Gaertner
2093,Gage
2094,Gagliardi
2095,Gagne
2096,Gagneux
2097,Gagnier
2098,Gagnon
2099,Gajos
2100,GÃ¡l
2101,Gallagher
2102,Gallego
2103,Galli
2104,Gallo
2105,Gang
2106,Ganza
2107,Gao
2108,Garb
2109,Garber
2110,Garbo
2111,Garbutt
2112,GarcÃ­a
2113,Garcia
2114,GarÃ§on
2115,Gardener
2116,Gardiner
2117,Gardinier
2118,Gardner
2119,GÃ¡rdonyi
2120,Garey
2121,Garfagnini
2122,Garfield
2123,Garland
2124,Garner
2125,Garnet
2126,Garnett
2127,Garnier
2128,Garofalo
2129,Garrard
2130,Garrastazu
2131,Garret
2132,Garrett
2133,Garrido
2134,Garrod
2135,Garry
2136,GÃ¤rtner
2137,Garver
2138,Gary
2139,Garza
2140,GÃ¡spÃ¡r
2141,Gaspar
2142,Gaspard
2143,Gaspari
2144,GaÅ¡per
2145,Gass
2146,Gates
2147,Gatsby
2148,Gatti
2149,Gauthier
2150,Gautier
2151,GavriloviÄ‡
2152,Gavrilyuk
2153,Geary
2154,Gebara
2155,Geelen
2156,Geels
2157,Gehrig
2158,Gehring
2159,Geier
2160,Geiger
2161,Geisler
2162,GeiÃŸler
2163,Geissler
2164,Geiszler
2165,Gelashvili
2166,Gelens
2167,Genadiev
2168,Genkov
2169,Genov
2170,Genovese
2171,Gensch
2172,Gentile
2173,George
2174,Georgeson
2175,Georgiev
2176,Georgiou
2177,GÃ©rard
2178,Gerber
2179,Gereben
2180,Gerhard
2181,Gerhardsson
2182,Gerhardt
2183,Gerig
2184,Germain
2185,Germano
2186,GÃ©roux
2187,Gerst
2188,Gerstle
2189,Gerver
2190,Gevorgian
2191,Gevorgyan
2192,Ghasabyan
2193,Gheorghe
2194,Giannino
2195,Giannopoulos
2196,Gibb
2197,Gibbs
2198,Gibson
2199,Giehl
2200,Giese
2201,Giffard
2202,Gil
2203,Gilbert
2204,Giles
2205,Gill
2206,Gilliam
2207,Gim
2208,GimÃ©nez
2209,Gimondi
2210,Giordano
2211,Giorgadze
2212,Girard
2213,Giraud
2214,Giroux
2215,Gismondi
2216,Giugovaz
2217,Giuliani
2218,Giunta
2219,Gjorgiev
2220,Gladwin
2221,Gladwyn
2222,Glas
2223,Glass
2224,Glazier
2225,Glen
2226,Glenn
2227,GlÃ¶ckner
2228,Glover
2229,Glynn
2230,Gniewek
2231,GÃ¶bel
2232,Goddard
2233,Godfrey
2234,Goebel
2235,Goffe
2236,Gold
2237,Goldhirsch
2238,Goldschmidt
2239,Golob
2240,Golub
2241,Gomes
2242,GÃ³mez
2243,GomÃ³Å‚ka
2244,GomuÅ‚ka
2245,GonÃ§alves
2246,Gonzales
2247,GonzÃ¡lez
2248,Good
2249,Goode
2250,Goodman
2251,Goodwin
2252,Goossens
2253,Goranov
2254,GÃ¶ransson
2255,Gorbold
2256,Gordon
2257,Gore
2258,Gorecki
2259,Goretti
2260,Gori
2261,GÃ³rka
2262,Gorman
2263,GÃ¶rÃ¶g
2264,GÃ³rski
2265,Gosse
2266,Gosselin
2267,Gott
2268,Gotti
2269,Gottlieb
2270,Gottschalk
2271,Gough
2272,Gouveia
2273,Grabowski
2274,Graeme
2275,Graf
2276,Graham
2277,Grahame
2278,Grahn
2279,Graner
2280,Granger
2281,Grant
2282,Granville
2283,Graves
2284,Gray
2285,GrbiÄ‡
2286,Grec
2287,Greco
2288,Green
2289,Greenberg
2290,Greene
2291,Greenspan
2292,Greer
2293,Gregory
2294,Grenville
2295,Grey
2296,GrgiÄ‡
2297,Grier
2298,Grieve
2299,Griffin
2300,Griffith
2301,Griffiths
2302,Grigorescu
2303,Grigorov
2304,Grigoryan
2305,Grillo
2306,Grimaldi
2307,Gronchi
2308,Groos
2309,Gros
2310,Gross
2311,GroÃŸ
2312,GroÃŸe
2313,Grosse
2314,GrÃ¶ÃŸel
2315,GroÃŸel
2316,GroÃŸer
2317,Grosser
2318,Grossi
2319,Grosso
2320,GrÃ³sz
2321,Grover
2322,Groves
2323,Gruber
2324,GrÃ¼nberg
2325,GrÃ¼newald
2326,GrÃ¼nspan
2327,GrzeÅ›kiewicz
2328,Guadarrama
2329,Guan
2330,Guarneri
2331,GuÃ©rin
2332,Guerra
2333,Guerrero
2334,Guerriero
2335,Guidi
2336,Guillaume
2337,Guillory
2338,Guillot
2339,Guinness
2340,GujiÄ‡
2341,Gulbrandsen
2342,Guldbrandsen
2343,Guliyev
2344,Gully
2345,GulyÃ¡s
2346,Gump
2347,Gundersen
2348,Gunnarsen
2349,Gunnarsson
2350,GÃ¼nther
2351,Gunther
2352,Gunvaldsen
2353,Guo
2354,Gupta
2355,Gustafsson
2356,Gustavsson
2357,Gutermuth
2358,GutiÃ©rrez
2359,Gutierrez
2360,Guttuso
2361,GuzmÃ¡n
2362,Gwerder
2363,GwÃ³zdek
2364,Gynt
2365,Haak
2366,Haakonsson
2367,Haanraads
2368,Haanraadts
2369,Haanraats
2370,Haas
2371,Haase
2372,Haber
2373,Haberkorn
2374,Habich
2375,Habicht
2376,Hackett
2377,Hadaway
2378,Haden
2379,Hadjiev
2380,Hadzhiev
2381,HadÅ¾iÄ‡
2382,Haenraets
2383,Hafner
2384,Hagen
2385,Haggard
2386,Hagopian
2387,Hahn
2388,Haig
2389,Haight
2390,Hailey
2391,Haines
2392,HÃ¡jek
2393,HajÃ³s
2394,HÃ¥kansson
2395,Hakim
2396,Hakobyan
2397,HalÃ¡sz
2398,Hale
2399,Haley
2400,Hall
2401,Halle
2402,Hallman
2403,Halloran
2404,Halmi
2405,Halvorsen
2406,HÃ¤mÃ¤lÃ¤inen
2407,Hamasaki
2408,Hambleton
2409,Hamilton
2410,Hamm
2411,Hammond
2412,Hampson
2413,Hampton
2414,Han
2415,Hancock
2416,Hanegan
2417,Hanigan
2418,Hanley
2419,Hannigan
2420,Hannigen
2421,Hanraets
2422,Hansen
2423,Hanson
2424,Hanssen
2425,Hansson
2426,Haralampiev
2427,Haraldsen
2428,Haraldsson
2429,Harden
2430,Hardie
2431,Harding
2432,Hardwick
2433,Hardy
2434,Harel
2435,Harford
2436,Hargrave
2437,Harlan
2438,Harland
2439,Harley
2440,Harlow
2441,HarmaajÃ¤rvi
2442,Harman
2443,Harmon
2444,Haroldson
2445,Harper
2446,Harrell
2447,Harrelson
2448,Harris
2449,Harrison
2450,Hart
2451,Hartell
2452,Hartley
2453,Hartmann
2454,Harutyunyan
2455,Harvey
2456,HÉ™sÉ™nov
2457,Hase
2458,Hasegawa
2459,Hasek
2460,Hasenkamp
2461,Hashemi
2462,Hashimoto
2463,Hass
2464,Hathaway
2465,Hatheway
2466,Hathway
2467,Hauer
2468,Haugen
2469,Haumann
2470,Haupt
2471,HÃ¤usler
2472,Havel
2473,Havelka
2474,Havener
2475,HavlÃ­Äek
2476,Havrylyuk
2477,Haward
2478,Hawk
2479,Hawking
2480,Hawkins
2481,Hawthorne
2482,Hayashi
2483,Hayden
2484,Hayes
2485,Hayley
2486,Haynes
2487,Hayter
2488,Hayward
2489,Haywood
2490,He
2491,Head
2492,Headley
2493,Hearn
2494,Heath
2495,HÃ©bert
2496,Hedley
2497,Heeren
2498,Heffernan
2499,HegedÅ±s
2500,Heidrich
2501,Heijman
2502,Heijmans
2503,Heikki
2504,HeikkilÃ¤
2505,Heikkinen
2506,Heiman
2507,Heimans
2508,Heimisson
2509,Heinonen
2510,Heinrich
2511,Heinrichs
2512,Heintze
2513,Heinz
2514,HellstrÃ¶m
2515,Henderson
2516,Hendriks
2517,Hendrikx
2518,Hendrix
2519,Hendry
2520,Hennessy
2521,Hennig
2522,Henningsen
2523,Henriksen
2524,Henriksson
2525,Henriques
2526,Henry
2527,Henryson
2528,Henson
2529,Hepburn
2530,Heppenheimer
2531,Herbert
2532,Herberts
2533,Herbertson
2534,Herbertsson
2535,Herceg
2536,Herczeg
2537,Herczog
2538,Herman
2539,Hermann
2540,Hermans
2541,Hermansen
2542,Hermanson
2543,Hermansson
2544,HernÃ¡ndez
2545,Herrema
2546,Herrera
2547,Herrero
2548,Herriot
2549,Herrmann
2550,Hersch
2551,Herschel
2552,Hershey
2553,Hertz
2554,Herzog
2555,Hewitt
2556,Hext
2557,Heyman
2558,Heymans
2559,Hibbert
2560,Hickey
2561,Hicks
2562,Hidaka
2563,Hidalgo
2564,Hiedler
2565,Hier
2566,Hierro
2567,Higgins
2568,Hightower
2569,Hildebrand
2570,Hill
2571,Hillam
2572,Hilmarsson
2573,Hilton
2574,Himura
2575,Hines
2576,Hino
2577,Hinrichs
2578,Hintzen
2579,Hirano
2580,Hirsch
2581,Hirschel
2582,Hisakawa
2583,Hitler
2584,Hjort
2585,HlavÃ¡Ä
2586,HlavÃ¡Äek
2587,Ho
2588,HoÃ ng
2589,Hobbes
2590,Hobbs
2591,Hobson
2592,Hoch
2593,Hochberg
2594,Hodges
2595,Hodgson
2596,Hodson
2597,HodÅ¾iÄ‡
2598,Hoedemaeker
2599,Hoedemaekers
2600,Hoedemaker
2601,Hoedemakers
2602,Hoefler
2603,Hoek
2604,Hoekstra
2605,Hofer
2606,Hoffman
2607,Hoffmann
2608,HÃ¶fler
2609,Hofmann
2610,Hofmeister
2611,Hofwegen
2612,Hogan
2613,Hogarth
2614,Hoggard
2615,Holgersen
2616,Holgersson
2617,HolguÃ­n
2618,Holland
2619,Hollands
2620,Hollins
2621,Holm
2622,Holmberg
2623,Holme
2624,Holmes
2625,HolmstrÃ¶m
2626,Holmwood
2627,Holst
2628,Holt
2629,Holtman
2630,Holtz
2631,Holub
2632,HÃ¶lzer
2633,Holzer
2634,Holzknecht
2635,Holzmann
2636,Homewood
2637,Honda
2638,Honeycutt
2639,Honeysett
2640,Hooker
2641,Hooper
2642,Hoover
2643,Hope
2644,Hopkins
2645,Hopper
2646,Hopson
2647,HorÃ¡Äek
2648,HorÃ¡k
2649,Horn
2650,Horne
2651,Hornick
2652,HornÃ­k
2653,Horowitz
2654,Horsfall
2655,Horton
2656,Horvat
2657,HorvÃ¡th
2658,HorvatinÄiÄ‡
2659,Hoshino
2660,Hou
2661,Houben
2662,Houk
2663,House
2664,Houston
2665,Houtkooper
2666,Houtman
2667,Hovanesian
2668,Hovhannisyan
2669,Howard
2670,Howe
2671,Howell
2672,Howland
2673,Howse
2674,Hoxha
2675,HrabÄ›
2676,Hristov
2677,HrubÃ½
2678,HruÅ¡ka
2679,Hsieh
2680,Hsu
2681,Hu
2682,Huang
2683,Hubbard
2684,HÃ¼ber
2685,Huber
2686,Hubert
2687,Huddleson
2688,Huddleston
2689,Hudnall
2690,Hudson
2691,Huerta
2692,Huff
2693,Huffman
2694,Huffmann
2695,Hughes
2696,Hull
2697,Hult
2698,Hume
2699,Hummel
2700,Humphrey
2701,Hunnicutt
2702,Hunnisett
2703,Hunt
2704,Hunter
2705,Hurst
2706,HÃ¼seynov
2707,Hussain
2708,Hutchinson
2709,Hutmacher
2710,Hutson
2711,Huxley
2712,Huxtable
2713,Huá»³nh
2714,Hyde
2715,Hyland
2716,Hynes
2717,I
2718,I'Anson
2719,IbÃ¡Ã±ez
2720,Ibarra
2721,Ibbot
2722,Ibbott
2723,IbrahimoviÄ‡
2724,Ibsen
2725,Idowu
2726,Iglesias
2727,IgnÃ¡cz
2728,Ignatiev
2729,Ignatov
2730,Ihejirika
2731,Ikeda
2732,Ikin
2733,Ilbert
2734,IliÄ‡
2735,Iliescu
2736,Iliev
2737,IllÃ©s
2738,Ilves
2739,Im
2740,Inaba
2741,Ingersleben
2742,Ingesson
2743,Ingham
2744,IngÃ³lfsson
2745,Ingram
2746,ÃÃ±iguez
2747,IÃ±Ã­guez
2748,Innes
2749,Innocenti
2750,Inoue
2751,Ioannidis
2752,Ionesco
2753,Ionescu
2754,Iordanou
2755,Irvin
2756,Irvine
2757,Irving
2758,Irwin
2759,Isaacson
2760,Isaev
2761,Isaksen
2762,Isaksson
2763,Ishida
2764,Ishikawa
2765,Ä°smayÄ±lov
2766,Ito
2767,ItÅ
2768,Itou
2769,Iturburua
2770,Ivankov
2771,IvankoviÄ‡
2772,IvanoÅ­
2773,Ivanov
2774,IvanoviÄ‡
2775,Ivanovski
2776,Ivanow
2777,Ivarsson
2778,Ivers
2779,Iversen
2780,Ivov
2781,Iwai
2782,Iwata
2783,Iyer
2784,Izumi
2785,Jack
2786,Jackman
2787,Jackson
2788,Jacobs
2789,Jacobse
2790,Jacobsen
2791,Jacobson
2792,Jacques
2793,Jacquet
2794,Jaeger
2795,JÃ¤ger
2796,Jager
2797,Jagoda
2798,Jahn
2799,Jahoda
2800,Jain
2801,Jakab
2802,Jakeman
2803,Jakobsen
2804,Jakobsson
2805,James
2806,Jameson
2807,Jamison
2808,Jamshidi
2809,Janda
2810,JandÃ¡Äek
2811,JanÃ­Äek
2812,Jankauskas
2813,Jankovic
2814,JankoviÄ‡
2815,JankoviÄ
2816,Jankovics
2817,Jankowski
2818,Janowski
2819,Jans
2820,Jansen
2821,Jansens
2822,Jansing
2823,Jansingh
2824,Jansink
2825,Janson
2826,Jansons
2827,Janssen
2828,Janssens
2829,Jansson
2830,Janvier
2831,Janz
2832,Janzen
2833,Jardine
2834,Jarrett
2835,JÃ¤rvi
2836,JÃ¤rvinen
2837,Jarvis
2838,JaskÃ³lski
2839,Jaskulski
2840,Jaso
2841,Jasso
2842,Jean
2843,Jeanes
2844,JedliÄka
2845,Jedynak
2846,Jeffers
2847,Jefferson
2848,Jeffery
2849,Jeffries
2850,JehliÄka
2851,Jekyll
2852,Jelen
2853,JeleÅ„
2854,JelÃ­nek
2855,Jenkins
2856,Jennings
2857,Jensen
2858,Jenson
2859,Jenssen
2860,Jensson
2861,Jeong
2862,Jephson
2863,Jeppesen
2864,Jepson
2865,JerkoviÄ‡
2866,Jernigan
2867,JÃ©rÃ´me
2868,Jerome
2869,Jervis
2870,Jespersen
2871,Jesus
2872,Jewel
2873,Jewell
2874,JeÅ¾
2875,JeÅ¼
2876,JeÅ¾ek
2877,Jiang
2878,JimÃ©nez
2879,Jin
2880,Jinks
2881,Jo
2882,JÃ³
2883,Johannessen
2884,JÃ³hannsson
2885,Johansen
2886,Johansson
2887,John
2888,Johns
2889,Johnsen
2890,Johnson
2891,Johnsson
2892,Johnston
2893,Joiner
2894,Jokela
2895,Jokinen
2896,Jokumsen
2897,JÃ¶llenbeck
2898,Joly
2899,Jonaitis
2900,JÃ³nÃ¡s
2901,Jonasen
2902,Jonasson
2903,Jonckers
2904,Jones
2905,Jonker
2906,Jonkers
2907,Jonkheer
2908,JÃ¶nsson
2909,Jonsson
2910,JoÃ³
2911,Joossens
2912,Joosten
2913,JordÃ 
2914,Jordan
2915,JÃ¸rgensen
2916,Joseph
2917,Josephs
2918,Josephson
2919,Joshi
2920,Joubert
2921,JovanoviÄ‡
2922,Jovanovski
2923,Joyce
2924,Joyner
2925,JuÃ¡rez
2926,Judd
2927,Jughashvili
2928,Jugovac
2929,JuhÃ¡sz
2930,Julien
2931,Jundt
2932,Jung
2933,Junge
2934,JuriÄ‡
2935,JuriÅ¡a
2936,JusiÄ‡
2937,Kaczka
2938,Kaczmarek
2939,KÃ¡dÃ¡r
2940,Kader
2941,KadeÅ™
2942,Kadlec
2943,Kafka
2944,Kahler
2945,Kaiser
2946,Kalb
2947,Kalbfleisch
2948,KalmÃ¡r
2949,KalniÅ†Å¡
2950,Kaloyanchev
2951,Kaloyanov
2952,KaÅ‚uÅ¼a
2953,KaluÅ¾a
2954,Kamau
2955,KamiÅ„ski
2956,Kamiya
2957,Kanda
2958,Kaneko
2959,Kang
2960,Kanzaki
2961,Kapanadze
2962,Kappel
2963,Karamazov
2964,Kardos
2965,Karga
2966,Karim
2967,Karimi
2968,Kariuki
2969,Karjalainen
2970,Karl
2971,Karlsen
2972,Karlsson
2973,KÃ¡rpÃ¡thy
2974,KÃ¡rpÃ¡ti
2975,KÃ¡rpÃ¡ty
2976,Karppinen
2977,Karstensen
2978,Kartal
2979,Kasabian
2980,Kask
2981,KaÅ¡par
2982,Kaspar
2983,Kaspersen
2984,Kasprzak
2985,KÃ¤stner
2986,Kasun
2987,KatÄ±rcÄ±
2988,Kato
2989,KatÃ³
2990,KatÅ
2991,Katona
2992,Katou
2993,Katsaros
2994,Katz
2995,Kaube
2996,KÃ¤ufer
2997,Kaufer
2998,Kauffmann
2999,Kaufman
3000,Kaufmann
3001,Kaur
3002,Kavaliauskas
3003,KavalioÅ­
3004,Kavalyow
3005,Kavanagh
3006,Kavanah
3007,Kavanaugh
3008,Kawa
3009,Kawaguchi
3010,Kawakami
3011,Kawasaki
3012,Kay
3013,Kayode
3014,Kazama
3015,Kazlauskas
3016,KazloÅ­
3017,Kazlow
3018,Kearney
3019,KecskemÃ©ti
3020,Kedves
3021,KÄ™dzierski
3022,Keefe
3023,Keegan
3024,Keen
3025,Keighley
3026,Keil
3027,Keir
3028,Keith
3029,Kelemen
3030,Keller
3031,Kelley
3032,Kellogg
3033,Kelly
3034,Kelsey
3035,KemÃ©ny
3036,Kemp
3037,Kempf
3038,Kendal
3039,Kendall
3040,Kendrick
3041,Kennard
3042,Kennedy
3043,Keo
3044,Kerekes
3045,Kermit
3046,Kermode
3047,Kerner
3048,Kerper
3049,Kerr
3050,Kerry
3051,Kersey
3052,KertÃ©sz
3053,Kevorkian
3054,Key
3055,Keyes
3056,Keys
3057,Khachaturian
3058,Khachaturyan
3059,Khan
3060,Khoroushi
3061,Kidd
3062,Kiefer
3063,Kijek
3064,Kikkert
3065,Kilduff
3066,Killam
3067,Killough
3068,Kilpatrick
3069,Kim
3070,Kimball
3071,Kimberley
3072,Kimberly
3073,Kimura
3074,King
3075,Kingsley
3076,Kingston
3077,Kinley
3078,Kinnaird
3079,Kinsley
3080,Kipling
3081,KirÃ¡ly
3082,Kirby
3083,Kirch
3084,Kirchner
3085,Kirk
3086,Kis
3087,Kishimoto
3088,Kiss
3089,Kistler
3090,Kistner
3091,Kita
3092,Kitagawa
3093,Kitchen
3094,Kitchens
3095,KjÃ¦r
3096,Kjeldsen
3097,Kjellsson
3098,Klaasen
3099,Kladivo
3100,Klassen
3101,Klasson
3102,Klausen
3103,Kleid
3104,Klein
3105,Klement
3106,Klerk
3107,Klerken
3108,Klerks
3109,Klerkse
3110,Klerkx
3111,Klerx
3112,KlÃ­ma
3113,KlÃ­mek
3114,Klimek
3115,Kloet
3116,Kloeten
3117,Klossner
3118,Knaggs
3119,Knef
3120,Kneib
3121,Kneller
3122,Knepp
3123,KneÅ¾eviÄ‡
3124,Knight
3125,Knochenmus
3126,Knopf
3127,Knopp
3128,Knowles
3129,Knudsen
3130,Knutsen
3131,Knutson
3132,Knutsson
3133,Ko
3134,Kobayashi
3135,KÃ³bor
3136,KoÃ§
3137,Koch
3138,Kock
3139,Kocsis
3140,Koeman
3141,Koemans
3142,Koenig
3143,Koenigsmann
3144,KÃ¶hl
3145,Kohl
3146,KÃ¶hler
3147,Kohler
3148,Kohout
3149,Kohut
3150,Koizumi
3151,Kokkinos
3152,Kokot
3153,KolÃ¡Å™
3154,Kolar
3155,KolariÄ‡
3156,Kolbe
3157,Kolen
3158,Kolijn
3159,Kollen
3160,KÃ¶nig
3161,KÃ¶nigsmann
3162,Koning
3163,Konishi
3164,Konstantinov
3165,Kontos
3166,Kool
3167,Koole
3168,Koolen
3169,Kools
3170,Koopman
3171,KopeckÃ½
3172,Kopitar
3173,Kopp
3174,Koppel
3175,Korhonen
3176,KoroÅ¡ec
3177,Korrapati
3178,Kos
3179,KoÅ¡ar
3180,Koskinen
3181,Kosmatka
3182,KosteleckÃ½
3183,KoszorÃºs
3184,Koumans
3185,KovÃ¡Ä
3186,Kovac
3187,KovaÄ
3188,KovaÄeviÄ‡
3189,KovaÄeviÄ
3190,KovÃ¡ch
3191,Kovachev
3192,KovaÄiÄ‡
3193,KovaÄiÄ
3194,KovÃ¡cs
3195,Kovalchuk
3196,Kovalenko
3197,Kovalev
3198,Kovalyov
3199,KovÃ¡Å™
3200,KovÃ¡ts
3201,KÃ¶vÃ©r
3202,Kowalczyk
3203,Kowalski
3204,Kozel
3205,KozieÅ‚
3206,KozioÅ‚
3207,Kozlov
3208,KozÅ‚ow
3209,KozÅ‚owski
3210,Kraemer
3211,Krajnc
3212,Krakowski
3213,KrÃ¡l
3214,KrÃ¡Ä¾
3215,Kralj
3216,Krall
3217,KramÃ¡Å™
3218,KrÃ¤mer
3219,Kramer
3220,Krantz
3221,Kranz
3222,Krastev
3223,Kratochvil
3224,Kraus
3225,Krause
3226,Krauss
3227,KrauÃŸ
3228,Kravchenko
3229,Kravitz
3230,Krawczyk
3231,Krawiec
3232,Krebs
3233,KrejÄi
3234,Krikorian
3235,Kristensen
3236,Kristiansen
3237,Kristoffersen
3238,KÅ™Ã­Å¾
3239,KriÅ¾man
3240,KrÃ¶ger
3241,KrÃ³l
3242,Kron
3243,Krstevski
3244,KrÃ¼ckel
3245,KrÃ¼ger
3246,Kruger
3247,KrÅ«miÅ†Å¡
3248,Krupa
3249,Krupin
3250,Kruse
3251,Krusen
3252,Kuang
3253,Kubo
3254,KuÄera
3255,KÃ¼chler
3256,KÃ¼Ã§Ã¼k
3257,Kudrna
3258,Kuhn
3259,Kuijpers
3260,Kuiper
3261,Kuipers
3262,Kukk
3263,Kulkarni
3264,Kulmala
3265,Kumagai
3266,Kumar
3267,KumiÄ™ga
3268,KundakÃ§Ä±
3269,Kundert
3270,Kunkel
3271,Kunkle
3272,Kuntz
3273,Kunz
3274,Kunze
3275,Kuroda
3276,Kuroki
3277,Kurosawa
3278,Kurucz
3279,Kurz
3280,Kurzmann
3281,Kusumoto
3282,Kuznetsov
3283,Kwan
3284,Kwiatkowski
3285,Kwok
3286,Kyle
3287,Kyles
3288,Kynaston
3289,KyselÃ½
3290,Laakkonen
3291,Laaksonen
3292,Labelle
3293,Labriola
3294,Lacey
3295,Lachance
3296,Lachapelle
3297,LÃ coni
3298,Lacroix
3299,Lacy
3300,Lafrentz
3301,Lafrenz
3302,LaganÃ 
3303,Lager
3304,Lagomarsino
3305,Lagorio
3306,Lagounov
3307,Laguardia
3308,Lagunov
3309,Lahti
3310,Lahtinen
3311,Laine
3312,Laitinen
3313,Lakatos
3314,Lam
3315,Lama
3316,Lamar
3317,Lamarre
3318,Lamb
3319,Lambert
3320,Lamberti
3321,Lamon
3322,Landau
3323,Landi
3324,Lando
3325,Landolfi
3326,Landon
3327,Landvik
3328,Lane
3329,LÃ¥ng
3330,Lang
3331,Langbroek
3332,Langdon
3333,Lange
3334,Langenberg
3335,Langer
3336,Langlais
3337,Langley
3338,Langlois
3339,LÃ¡nÃ­k
3340,Laninga
3341,Lannon
3342,Lantos
3343,Lapointe
3344,Larsen
3345,Larson
3346,Larsson
3347,Larue
3348,Åaska
3349,LÃ¡ska
3350,LÃ¡szlÃ³
3351,Laterza
3352,Lau
3353,Laukkanen
3354,Laurens
3355,Laurent
3356,Laurenz
3357,Laurito
3358,Lauritsen
3359,Laursen
3360,Lauwens
3361,Lauwers
3362,Lavigne
3363,Lavoie
3364,Law
3365,Åawniczak
3366,Lawrence
3367,Lawrenz
3368,Lawson
3369,Layton
3370,LÃ¡zÃ¡r
3371,Lazarov
3372,Lazzari
3373,LÃª
3374,Leach
3375,LÃ©andre
3376,Leary
3377,Leavitt
3378,Lebeau
3379,Lebedev
3380,Leblanc
3381,Lebrun
3382,Lecce
3383,Leccese
3384,Leclair
3385,Leclerc
3386,Leclercq
3387,LÃ©cuyer
3388,Ledford
3389,Lee
3390,Leeuwenhoek
3391,Lefebvre
3392,LefÃ¨vre
3393,LeggiÃ¨ri
3394,Legrand
3395,Lehmann
3396,Lehr
3397,Lehrer
3398,Lehtinen
3399,Lehtonen
3400,Leifsson
3401,Leigh
3402,Leighton
3403,Leitner
3404,Leitz
3405,Leitzke
3406,Lemaire
3407,LÃ©mieux
3408,Lemmi
3409,Lemoine
3410,Lengyel
3411,Lenin
3412,Lennartsson
3413,Lennon
3414,Lennox
3415,Lenox
3416,Lenz
3417,LÃ©on
3418,LeÃ³n
3419,Leon
3420,Leonard
3421,Leonardi
3422,Leonardsen
3423,Leonardson
3424,Leonardsson
3425,Leone
3426,Leoni
3427,Leroux
3428,Leroy
3429,Lesauvage
3430,Lesley
3431,Leslie
3432,Lester
3433,Lestrange
3434,Leung
3435,LÃ©vÃªque
3436,Leverenz
3437,LÃ©vesque
3438,Levi
3439,Levine
3440,Levitt
3441,Lewandowski
3442,Lewerentz
3443,Lewerenz
3444,Lewin
3445,Lewis
3446,Leyton
3447,Li
3448,Liang
3449,Liao
3450,Lichtenberg
3451,Lie
3452,Lien
3453,LiepiÅ†Å¡
3454,Lim
3455,Lin
3456,Lincoln
3457,Lind
3458,Lindbeck
3459,Lindberg
3460,Linden
3461,Lindgren
3462,Lindholm
3463,Lindon
3464,Lindquist
3465,Lindqvist
3466,Lindsay
3467,Lindsey
3468,LindstrÃ¶m
3469,Linna
3470,Linton
3471,Linville
3472,Linwood
3473,Lippi
3474,Lis
3475,Lister
3476,Lithgow
3477,Little
3478,Liu
3479,Ljung
3480,Ljungborg
3481,Ljunggren
3482,Ljungman
3483,Ljungstrand
3484,Llewellyn
3485,Lloyd
3486,Llywelyn
3487,Lo
3488,Lobo
3489,Locatelli
3490,Lockwood
3491,Loewe
3492,LÃ¶fgren
3493,Logan
3494,Lohrenz
3495,Loman
3496,Lombardi
3497,Lombardo
3498,Lomidze
3499,LonÄar
3500,London
3501,Long
3502,Longo
3503,Longstaff
3504,Lopes
3505,LÃ³pez
3506,Lopez
3507,Lorentz
3508,Lorenz
3509,Lorenzen
3510,Lorenzo
3511,Loris
3512,Loritz
3513,Losa
3514,Losnedahl
3515,Louis
3516,LovÃ¡sz
3517,Love
3518,Lovel
3519,Lovell
3520,LovriÄ‡
3521,Low
3522,LÃ¶we
3523,Lowe
3524,Lowell
3525,Lowry
3526,Loyola
3527,Lozano
3528,Lu
3529,Lucas
3530,Lucassen
3531,LuÄiÄ‡
3532,Ludvigsen
3533,Ludwig
3534,LukÃ¡cs
3535,Lukeson
3536,LukiÄ‡
3537,Lum
3538,Luna
3539,Lund
3540,Lundberg
3541,Lunde
3542,Lundgren
3543,Lundin
3544,Lundquist
3545,Lundqvist
3546,LundstrÃ¶m
3547,Lungu
3548,Luo
3549,Lupei
3550,Lupo
3551,Lupu
3552,Lusk
3553,Luther
3554,Luzzatto
3555,Lykke
3556,Lynch
3557,Lyndon
3558,Lyne
3559,Lynn
3560,Lynton
3561,Lynwood
3562,Lyon
3563,Lyons
3564,Ma
3565,Maas
3566,Mac Alastair
3567,Mac Amhalghaidh
3568,Mac an Aba
3569,Mac an Baird
3570,Mac an Bhaird
3571,Mac an Fleisdeir
3572,Mac an Ghoill
3573,MacAngus
3574,Mac an tSagairt
3575,Mac an tSaoir
3576,Mac Aodha
3577,Mac AodhagÃ¡in
3578,Macar
3579,MacAslan
3580,Macaulay
3581,Macauley
3582,MacBay
3583,MacBeth
3584,Mac Branain
3585,MacBride
3586,Mac CÃ¡ba
3587,MacCailÃ­n
3588,MacCallion
3589,MacCallum
3590,MacCance
3591,MacCarrick
3592,MacCarthy
3593,MacChruim
3594,Mac Cionaodha
3595,Mac ClÃ©irich
3596,MacClellan
3597,MacClelland
3598,MacClery
3599,Mac CnÃ¡imhÃ­n
3600,Mac Coinnich
3601,Mac Coluim
3602,Mac Conmara
3603,MacConnell
3604,Mac Cormaic
3605,MacCoughlan
3606,MacCrum
3607,MacCrumb
3608,Mac DaibhÃ©id
3609,MacDaniel
3610,MacDermott
3611,Mac Dhubhghaill
3612,Mac Dhuibhinse
3613,Mac Diarmada
3614,Mac Domhnaill
3615,MacDonald
3616,MacDougall
3617,Mac DuibhshÃ­the
3618,MacEachern
3619,MacEachthighearna
3620,Mac Ealair
3621,Mac Eanraig
3622,Macek
3623,MacEntire
3624,Mac Eoghain
3625,Macey
3626,MacFarland
3627,MacFarlane
3628,Mac Fhionnlaigh
3629,Mac Ghabhann
3630,Mac Gilleain
3631,Mac Gille Fhaolain
3632,MacGinnis
3633,Mac Giolla Bhrighde
3634,Mac Giolla Dhuibh
3635,Mac Giolla Eoin
3636,Mac Giolla FhaolÃ¡in
3637,Mac Giolla PhÃ¡draig
3638,MacGowan
3639,MacGregor
3640,Mac Griogair
3641,MacGrory
3642,MacGuinness
3643,MacGuire
3644,Machado
3645,MachÃ¡Åˆ
3646,MacÃ­as
3647,MacIntyre
3648,MacIomhair
3649,MacIver
3650,MacKay
3651,MacKenna
3652,MacKenny
3653,MacKenzie
3654,MacLean
3655,MacLeod
3656,Mac LeÃ²id
3657,Mac Maghnuis
3658,MacMathan
3659,Mac Mathghamhna
3660,Mac NaoimhÃ­n
3661,Mac Neachtain
3662,MacNeil
3663,Mac NÃ©ill
3664,MacNevin
3665,Mac Niadh
3666,Mac Niall
3667,MaÃ§on
3668,Mac Pharlain
3669,MacQueen
3670,MacRae
3671,Mac Reachtain
3672,Mac RuaidhrÃ­
3673,MacShuibhne
3674,Mac SÃ­thigh
3675,Mac Thaidhg
3676,Mac UileagÃ³id
3677,MacWilliam
3678,Macy
3679,Madden
3680,Maddison
3681,Maddox
3682,Madeira
3683,Madigan
3684,Madison
3685,Madsen
3686,Maeda
3687,Maekawa
3688,Maes
3689,Maessen
3690,Maestri
3691,MagalhÃ£es
3692,Mag Aonghuis
3693,Magee
3694,MÃ¤gi
3695,Magnusson
3696,Magorian
3697,Mag Raith
3698,Magro
3699,Mag ShamhradhÃ¡in
3700,Mag Uidhir
3701,Maguire
3702,Magyar
3703,Mah
3704,Mahoney
3705,Maier
3706,Maina
3707,Maisuradze
3708,Majewski
3709,MÃ¤kelÃ¤
3710,Maki
3711,MÃ¤kinen
3712,Maksimov
3713,Maldonado
3714,Malinowski
3715,Malley
3716,Mallon
3717,Mallory
3718,Malloye
3719,Malone
3720,MaÅ‚y
3721,MalÃ½
3722,MÉ™mmÉ™dov
3723,Man
3724,Mancini
3725,Manco
3726,Mancuso
3727,Mandel
3728,Mandelbaum
3729,Manfredi
3730,Manfredonia
3731,Mangold
3732,Mann
3733,Mantovani
3734,Manz
3735,Maradona
3736,Marangoz
3737,Marchand
3738,Marchegiano
3739,Marchesi
3740,Marchetti
3741,Marchioni
3742,Marconi
3743,MÃ¥rdh
3744,Marek
3745,Mari
3746,MarÃ­a
3747,Maria
3748,Mariani
3749,MariÄ‡
3750,Marie
3751,MarÃ­n
3752,Marin
3753,Marini
3754,Marino
3755,Marinos
3756,Marinov
3757,Marion
3758,MarjanoviÄ‡
3759,Mark
3760,Markey
3761,MarkÃ³
3762,Markov
3763,MarkoviÄ‡
3764,Markusson
3765,Markwardt
3766,Marley
3767,Marlow
3768,Marlowe
3769,Marmo
3770,Marquardt
3771,Marquering
3772,Marques
3773,MÃ¡rquez
3774,Marsden
3775,Marsh
3776,Marshall
3777,Marston
3778,MarszaÅ‚ek
3779,Martel
3780,Martell
3781,Martelli
3782,Martens
3783,MÃ¥rtensson
3784,MartÃ­
3785,Martikainen
3786,MartÃ­n
3787,Martin
3788,MartÃ­nek
3789,Martinek
3790,Martinelli
3791,MartÃ­nez
3792,Martinez
3793,Martini
3794,Martinov
3795,MartinoviÄ‡
3796,Martins
3797,Martinsen
3798,Martinson
3799,Martinsson
3800,MÃ¡rton
3801,Martz
3802,MaruÅ¡iÄ‡
3803,MaruÅ¡ka
3804,Maruska
3805,Marvin
3806,Mas
3807,MaÅ¡ek
3808,MÃ¡selnÃ­k
3809,Masi
3810,Masin
3811,MaÅ›lanka
3812,Mason
3813,Massey
3814,Masson
3815,Masters
3816,Masterson
3817,Mata
3818,MataracÄ±
3819,Mateev
3820,Matei
3821,MatÄ›jka
3822,Mateu
3823,Mateus
3824,Matevosian
3825,Matevosyan
3826,Mathers
3827,Matheson
3828,Mathews
3829,Mathewson
3830,Mathiasen
3831,Mathieson
3832,Mathieu
3833,Mathisen
3834,MatiÄ‡
3835,MatijeviÄ‡
3836,Matos
3837,MatouÅ¡ek
3838,Matsson
3839,Matsubara
3840,Matsuda
3841,Matsumoto
3842,Matsumura
3843,Matsuoka
3844,Matsushita
3845,Matthews
3846,Matthewson
3847,Matthiasen
3848,Mattsson
3849,Matveev
3850,Maurer
3851,Maus
3852,Maxwell
3853,May
3854,Mayer
3855,Mayes
3856,Maynard
3857,Mazur
3858,Mazza
3859,McAdams
3860,McAfee
3861,McAlister
3862,McArthur
3863,McBride
3864,McCabe
3865,McCaig
3866,McCallum
3867,McCarthy
3868,McCauley
3869,McCleary
3870,McClellan
3871,McClelland
3872,McConnell
3873,McCormick
3874,McCoy
3875,McCracken
3876,McCrae
3877,McCreery
3878,McCrory
3879,McCune
3880,McDaniel
3881,McDermott
3882,McDevitt
3883,McDonald
3884,McDougall
3885,McEachern
3886,McElligott
3887,McEwan
3888,McFarland
3889,McFarlane
3890,McFee
3891,McFly
3892,McGee
3893,McGill
3894,McGinnis
3895,McGovern
3896,McGowan
3897,McGregor
3898,McGuinness
3899,McGuire
3900,McInnes
3901,McIntyre
3902,McIver
3903,McKay
3904,McKee
3905,McKellar
3906,McKendrick
3907,McKenna
3908,McKenzie
3909,McKinley
3910,McKinney
3911,McKowen
3912,McLain
3913,McLean
3914,McLeod
3915,McMahon
3916,McManus
3917,McNab
3918,McNabb
3919,McNamara
3920,McNaughton
3921,McNeal
3922,McNee
3923,McNeil
3924,McNeill
3925,McNiall
3926,McNiel
3927,McNiven
3928,McPhee
3929,McQueen
3930,McRae
3931,McReynolds
3932,McSheehy
3933,McTaggart
3934,McWilliam
3935,Meadows
3936,Meaney
3937,Medeiros
3938,Medina
3939,Medved
3940,MedveÄ
3941,Meeuwes
3942,Meeuwessen
3943,Meeuwis
3944,Meeuwissen
3945,Meeuwsen
3946,Megalos
3947,Meggyesfalvi
3948,MehmedoviÄ‡
3949,Meier
3950,Meijer
3951,Mein
3952,Meindl
3953,Meinhardt
3954,Meir
3955,Meisner
3956,Meissner
3957,MelÃ©ndez
3958,Melnik
3959,Melnyk
3960,Melo
3961,Melsbach
3962,Melville
3963,Melvin
3964,Mencher
3965,Mendel
3966,Mendelsohn
3967,Mendelssohn
3968,Mendes
3969,MÃ©ndez
3970,Mendoza
3971,MenÃ©ndez
3972,Mercer
3973,Merchant
3974,Mercier
3975,Merckx
3976,Merkel
3977,Merle
3978,Merlo
3979,Merrick
3980,Merricks
3981,Merrill
3982,Merritt
3983,Mertens
3984,Merx
3985,Messana
3986,Messer
3987,Messerli
3988,Messina
3989,Messmann
3990,Messner
3991,MÃ©szÃ¡ros
3992,Metaxas
3993,Metharom
3994,Metz
3995,Metzger
3996,Meunier
3997,Meyer
3998,Meyrick
3999,Mhasalkar
4000,Miazga
4001,Michael
4002,Michaelis
4003,Michaels
4004,Michaelson
4005,Michalak
4006,Michalski
4007,Michaud
4008,Michel
4009,Michelakakis
4010,Michelakis
4011,Michelakos
4012,Micheli
4013,Michiels
4014,Midgley
4015,MihailoviÄ‡
4016,MihajloviÄ‡
4017,MihaljeviÄ‡
4018,Mihaylov
4019,Mihov
4020,Mikaelsson
4021,Mikhailov
4022,Mikkelsen
4023,Mikolajczak
4024,Milani
4025,Milano
4026,Milburn
4027,Miles
4028,Milford
4029,MiliÄ‡
4030,Millard
4031,Miller
4032,Millhouse
4033,Milligan
4034,Mills
4035,Millward
4036,Milne
4037,MilojeviÄ‡
4038,MiloÅ¡eviÄ‡
4039,MilovanoviÄ‡
4040,Milton
4041,Minami
4042,Minett
4043,Mingo
4044,Minkov
4045,Mishra
4046,Misra
4047,Mitchell
4048,Mittelman
4049,Miura
4050,Miyagawa
4051,Miyajima
4052,Miyake
4053,Miyamoto
4054,Miyashita
4055,Miyata
4056,Miyazaki
4057,Mizuno
4058,Mizushima
4059,Mizutani
4060,Mladenovski
4061,Mlakar
4062,MlynÃ¡Å™
4063,MlynÃ¡rik
4064,Mochizuki
4065,Modugno
4066,Moe
4067,Moen
4068,Moffett
4069,Mogensen
4070,Mohammad
4071,Mohammed
4072,Mohan
4073,Mohren
4074,Moles
4075,Molina
4076,MÃ¶ller
4077,MÃ¸ller
4078,Mollown
4079,Molloy
4080,MolnÃ¡r
4081,Moloney
4082,Monaghan
4083,Monahan
4084,Mondadori
4085,Monday
4086,Mondo
4087,Mondy
4088,Monet
4089,Monette
4090,Monk
4091,Monroe
4092,Montagna
4093,Montagne
4094,Montague
4095,MontaÃ±a
4096,Montana
4097,Montanari
4098,Monte
4099,Montero
4100,Montgomery
4101,Monti
4102,Moon
4103,Mooney
4104,Moore
4105,Mooren
4106,Moores
4107,Moors
4108,Mooshian
4109,Mora
4110,Morales
4111,Moralez
4112,Morandi
4113,Moravec
4114,Moray
4115,Morce
4116,Moreau
4117,Morel
4118,Morello
4119,Moreno
4120,Moretti
4121,Morgan
4122,Morgenstern
4123,Mori
4124,Moriarty
4125,Morikawa
4126,Morimoto
4127,Morin
4128,Morishita
4129,Morison
4130,Morita
4131,Moriyama
4132,Morozov
4133,Morra
4134,Morris
4135,Morrish
4136,Morrison
4137,Morriss
4138,Morse
4139,Mortensen
4140,Mortimer
4141,Morton
4142,Moschella
4143,Mosconi
4144,Moser
4145,Moses
4146,Moss
4147,Moto
4148,Motta
4149,Mottershead
4150,Mould
4151,Moulin
4152,Mounce
4153,MoÅºdzierz
4154,Mueller
4155,Muggia
4156,Muhammad
4157,Muhlfeld
4158,Mulder
4159,Mullane
4160,Mullen
4161,MÃ¼ller
4162,Muller
4163,Mulligan
4164,Mullins
4165,Mulloy
4166,Mulrennan
4167,Mulryan
4168,Mun
4169,MuÃ±oz
4170,Munro
4171,Munroe
4172,Munson
4173,Muraro
4174,MuratoviÄ‡
4175,Murdoch
4176,Murdock
4177,Murgatroyd
4178,Murgia
4179,Murphy
4180,Murray
4181,Murtas
4182,Mushyan
4183,MusiaÅ‚
4184,Musil
4185,Mussolini
4186,Mustonen
4187,MutÅ
4188,Mutton
4189,Muyskens
4190,Mwangi
4191,Myers
4192,Myles
4193,Mynatt
4194,MyÅ¡ka
4195,Naaji
4196,Nacar
4197,NÃ¦ss
4198,Naess
4199,Nagarkar
4200,Nagel
4201,Naggi
4202,Naggia
4203,Nagi
4204,Nagy
4205,Najjar
4206,Najm
4207,Nakahara
4208,Nakai
4209,Nakajima
4210,Nakamura
4211,Nakano
4212,Nakashima
4213,Naldi
4214,Namgung
4215,Nana
4216,Nani
4217,Nanni
4218,Nannini
4219,Naoumov
4220,Napoleoni
4221,Napoletani
4222,Napoli
4223,Napoliello
4224,Narang
4225,Nardi
4226,Nardo
4227,Nardovino
4228,NarvÃ¡ez
4229,Nasato
4230,Nascimbene
4231,Nascimbeni
4232,Nash
4233,Nass
4234,Natale
4235,Nathans
4236,Nathanson
4237,Naumov
4238,Navarro
4239,Nave
4240,NavrÃ¡til
4241,Nazaretian
4242,Nazaretyan
4243,Nazarian
4244,Nazario
4245,Nazaryan
4246,Neal
4247,Necchi
4248,NedbÃ¡lek
4249,NedvÄ›d
4250,Negrescu
4251,Negri
4252,Negrini
4253,Neil
4254,Nejem
4255,Nelissen
4256,Nelli
4257,Nelson
4258,NÄ›mec
4259,NÄ›meÄek
4260,Nemes
4261,NÃ©met
4262,NÃ©meth
4263,Nenci
4264,Nepi
4265,Neri
4266,Neroni
4267,Nervetti
4268,Nervi
4269,Nespola
4270,Nespoli
4271,Ness
4272,Neuman
4273,Neumann
4274,Neuville
4275,Neville
4276,Nevin
4277,Newell
4278,Newman
4279,Newport
4280,Newton
4281,Ng
4282,Ngo
4283,NgÃ´
4284,Nguyá»…n
4285,Nguyen
4286,Nibhanupudi
4287,Nicastro
4288,Nicchi
4289,Nicholls
4290,Nichols
4291,Nicholson
4292,Nickleby
4293,Nicodemo
4294,Nicolai
4295,Nicolas
4296,Nicolescu
4297,Nicolosi
4298,Nicolson
4299,Nicosia
4300,Nicotera
4301,Nieddu
4302,Nielsen
4303,Nielson
4304,Niemczyk
4305,Niemec
4306,Niemi
4307,Nieminen
4308,Nieri
4309,Nieto
4310,Nieves
4311,Nifterick
4312,Nifterik
4313,Niftrik
4314,Nigel
4315,Nigro
4316,Niklasson
4317,Nikolaev
4318,Nikolajsen
4319,NikoliÄ‡
4320,Nikolov
4321,Nikolovski
4322,Nikula
4323,Niles
4324,Nilsen
4325,Nilsson
4326,Nishikawa
4327,Nishimura
4328,Nishiyama
4329,Nisi
4330,Nissen
4331,Niven
4332,Nixon
4333,Nizzola
4334,Noel
4335,Noguchi
4336,Nogueira
4337,Noguera
4338,Nolan
4339,Nordskov
4340,NordstrÃ¶m
4341,Norling
4342,Norman
4343,Norris
4344,North
4345,Northrop
4346,Norton
4347,NÃ¸rup
4348,Norup
4349,Norwood
4350,Noschese
4351,Nosek
4352,Notaro
4353,NovÃ¡Äek
4354,NovÃ¡k
4355,Novak
4356,Novik
4357,Novikov
4358,Novosad
4359,NovotnÃ½
4360,Nowak
4361,Nowakowski
4362,Nowell
4363,Nowicki
4364,Noyer
4365,Nunes
4366,NÃºÃ±ez
4367,Nuremberg
4368,Nurmi
4369,Nussbaum
4370,Nussenbaum
4371,Nyberg
4372,Nye
4373,Nyilas
4374,Nyitrai
4375,Nykvist
4376,Nylund
4377,Nyquist
4378,Nyqvist
4379,NystrÃ¶m
4380,Oakley
4381,Obama
4382,Obando
4383,Ã“ Baoghill
4384,O'Beirne
4385,O'Berne
4386,Oberst
4387,Oberti
4388,Oberto
4389,O'Boyle
4390,Ã“ BrÃ¡daigh
4391,Ã“ BradÃ¡in
4392,Ã“ Braoin
4393,Ã“ BraonÃ¡in
4394,Ã“ Briain
4395,O'Brian
4396,O'Brien
4397,Ã“ Broin
4398,Ã“ Buachalla
4399,O'Byrne
4400,Ã“ Caiside
4401,O'Callaghan
4402,Ã“ Caoimh
4403,Ã“ CaoimhÃ¡in
4404,Ã“ CaoindealbhÃ¡in
4405,Ã“ CathÃ¡in
4406,Ã“ CathalÃ¡in
4407,Ã“ Cathasaigh
4408,Ã“ CeallachÃ¡in
4409,Ã“ Ceallaigh
4410,Ã“ Cearmada
4411,Ã“ Ceithearnaigh
4412,Ochoa
4413,Ã“ Ciardha
4414,Ã“ CinnÃ©idigh
4415,Ã“ ClÃ©irigh
4416,O'Clery
4417,Ã“ CnÃ¡imhÃ­n
4418,Ã“ CochlÃ¡in
4419,Ã“ Coigligh
4420,Ã“ CoileÃ¡in
4421,Ã“ Comhraidhe
4422,Ã“ Conaill
4423,Ã“ Conaire
4424,Ã“ Conchobhair
4425,Ã“ Conghalaigh
4426,O'Connell
4427,O'Connor
4428,Ã“ CorcrÃ¡in
4429,Ã“ Corra
4430,Ã“ CorraidhÃ­n
4431,Ã“ Cuaig
4432,Ã“ Cuana
4433,Ã“ Cuidighthigh
4434,Ã“ Cuilinn
4435,Ã“ Cuinn
4436,Ã“ CuinneagÃ¡in
4437,Ã“ Cuirc
4438,Ã“ DÃ¡laigh
4439,Ã“ DamhÃ¡in
4440,Odell
4441,Ã“ DeorÃ¡in
4442,Ã“ DÃ­omasaigh
4443,Ã“ Dochartaigh
4444,Ã“ Doibhilin
4445,Ã“ DoirnÃ¡in
4446,Ã“ Domhnaill
4447,Ã“ Donnchadha
4448,Ã“ DonndubhÃ¡in
4449,O'Donnell
4450,Ã“ Donnghaile
4451,O'Doyle
4452,Ã“ DubhÃ¡in
4453,Ã“ Dubhghaill
4454,Ã“ DubhshlÃ¡in
4455,Ã“ DubhshlÃ¡ine
4456,Ã“ Dubhthaigh
4457,Oelberg
4458,Ã“ FaolÃ¡in
4459,Ã“ Fearghail
4460,Offermans
4461,Ã“ FionnagÃ¡in
4462,Ã“ FionnÃ¡in
4463,Ã“ FlannagÃ¡in
4464,Ã“ Floinn
4465,Ã“ Foghladha
4466,Ã“ Frighil
4467,Ã“ Gallchobhair
4468,Ogawa
4469,Ogden
4470,Ognianov
4471,Ognyanov
4472,Ã“ GormÃ¡in
4473,O'Gorman
4474,Ogtrop
4475,Ã“ hAllmhurÃ¡in
4476,O'Hanegan
4477,O'Hanigan
4478,O'Hannagain
4479,Ã“ hAnnagÃ¡in
4480,O'Hannagan
4481,O'Hannegan
4482,O'Hannigain
4483,O'Hannigan
4484,Ã“ hAodha
4485,Ã“ hAonghuis
4486,O'Hara
4487,Ã“ hEachthighearna
4488,Ã“ hEaghra
4489,O'Hearn
4490,Ã“ hÃ‰ideÃ¡in
4491,Ã“ hEidhin
4492,Ã“ hÃ‰idÃ­n
4493,Ã“ hEidirsceÃ³il
4494,Ã“ hÃcidhe
4495,Ã“ hIfearnÃ¡in
4496,Ohme
4497,Ã“ hÃ“gÃ¡in
4498,Ã“ hUiginn
4499,Ojeda
4500,Okabe
4501,Okafor
4502,Okamoto
4503,Okamura
4504,O'Kane
4505,Okazaki
4506,O'Keefe
4507,Okeke
4508,Okonkwo
4509,Okorie
4510,Okumura
4511,Ola
4512,OlÃ¡h
4513,Olander
4514,Ã“ Laoghaire
4515,Olasz
4516,Olayinka
4517,Ã“ LeannÃ¡in
4518,O'Leary
4519,Oleastro
4520,Olesen
4521,OlguÃ­n
4522,Oliveira
4523,Oliver
4524,Oliversen
4525,Oliverson
4526,Oliversson
4527,Olivier
4528,Oliynyk
4529,Olmo
4530,Olmos
4531,Olofsdotter
4532,Olofsson
4533,Ã“ Loingsigh
4534,Olsen
4535,Olson
4536,Olsson
4537,Ã“ Luain
4538,Ã–lvirsson
4539,Ã“ MadaidhÃ­n
4540,Ã“ MÃ¡ille
4541,O'Malley
4542,Ã–man
4543,Ã“ ManachÃ¡in
4544,Ã“ Maoil Eoin
4545,Ã“ Maoil Riain
4546,Ã“ Maoilsheachlainn
4547,Ã“ MaolagÃ¡in
4548,Ã“ MaolÃ¡in
4549,Ã“ Maol Aodha
4550,Ã“ Maol BhrÃ©anÃ¡in
4551,Ã“ Maol Dhomhnaigh
4552,Ã“ Maolmhuaidh
4553,Ã“ Maonaigh
4554,Ã“ Marcaigh
4555,Ã“ Mathghamhna
4556,Omdahl
4557,Ã“ Meadhra
4558,Ã“ Meara
4559,Ã“ MochÃ¡in
4560,O'Mooney
4561,Ã“ Muircheartach
4562,Ã“ Muireadhaigh
4563,Ã“ Murchadha
4564,O'Neal
4565,O'Neill
4566,Ã“ NÃ©ill
4567,Ong
4568,Ongaro
4569,O'Niall
4570,Ono
4571,Ã“ NuallÃ¡in
4572,Oomen
4573,Oorschot
4574,Opeyemi
4575,Oppenheimer
4576,Oquendo
4577,Ã“ Rabhartaigh
4578,Ã“ Raghailligh
4579,OrbÃ¡n
4580,O'Reilly
4581,Orellana
4582,Orenstein
4583,Ã“ RÃ­agÃ¡in
4584,Ã“ Riain
4585,Ã“ Rinn
4586,Oriol
4587,Orlando
4588,Orlov
4589,Orman
4590,Ormond
4591,Ormonde
4592,Ã“ Rodagh
4593,Orosz
4594,Orsini
4595,Ortega
4596,Ortiz
4597,Ã“ RuadhÃ¡in
4598,Ã“ Ruaidh
4599,Osborne
4600,Osbourne
4601,Ã“ Scolaidhe
4602,Ã“ Seachnasaigh
4603,Ã“ SÃ©aghdha
4604,Ã“ SeanÃ¡in
4605,Ã“ Seighin
4606,O'Shaughnessy
4607,O'Shea
4608,ÅŒshiro
4609,Ã“ SÃ­oda
4610,Ã“ SirideÃ¡in
4611,Ã–stberg
4612,Ã˜stberg
4613,Ã˜ster
4614,Ã˜stergaard
4615,Ã˜stergÃ¥rd
4616,Ostrowski
4617,Ã“ Suaird
4618,Ã“ SÃºileabhÃ¡in
4619,O'Sullivan
4620,Ã“ TadhgÃ¡in
4621,Ã“ Taidhg
4622,Otero
4623,Otieno
4624,Ã“ TÃ­ghearnaigh
4625,Otis
4626,O'Toole
4627,Ã“ Treasaigh
4628,Ott
4629,Otten
4630,Otto
4631,Ottosen
4632,Ottosson
4633,Ã“ Tuathail
4634,Otxoa
4635,Oursler
4636,Outlaw
4637,Outterridge
4638,Overton
4639,Ovesen
4640,Owen
4641,Owens
4642,Owston
4643,OzoliÅ†Å¡
4644,Ozolinsh
4645,Ozols
4646,Pabst
4647,Pace
4648,Pachis
4649,Paddon
4650,Padilla
4651,Padmore
4652,Padovan
4653,Padovano
4654,Pagani
4655,Pagano
4656,Page
4657,Paget
4658,Pahlke
4659,Paige
4660,Pain
4661,Pajari
4662,Pakulski
4663,PÃ¡l
4664,Palazzo
4665,Palencia
4666,Palladino
4667,Pallesen
4668,Palmeiro
4669,Palmer
4670,Palmisano
4671,Palomer
4672,Palomo
4673,Palumbo
4674,Pan
4675,Pander
4676,Panders
4677,Pandev
4678,Panossian
4679,Panosyan
4680,Pantoja
4681,Panza
4682,Panzavecchia
4683,Papadimitriou
4684,Papadopoulos
4685,Papageorgiou
4686,Papaioannou
4687,Pape
4688,Papke
4689,Papoutsis
4690,Papp
4691,Paquet
4692,Pardo
4693,Paredes
4694,Parent
4695,Paris
4696,Parish
4697,Parisi
4698,Park
4699,Parker
4700,Parkins
4701,Parkinson
4702,Parks
4703,Parma
4704,PÃ¤rn
4705,Parodi
4706,Parri
4707,Parrino
4708,Parris
4709,Parrish
4710,Parry
4711,Parsamyan
4712,Parsons
4713,Partanen
4714,Pascal
4715,Pascual
4716,Passerini
4717,Pasternack
4718,Pasternak
4719,Pastor
4720,Pastore
4721,Paszek
4722,PÃ¡sztor
4723,Pataki
4724,Patel
4725,Patenaude
4726,Paternoster
4727,Paterson
4728,Patil
4729,Patrick
4730,Patrickson
4731,Patriksson
4732,Patterson
4733,Patton
4734,Paul
4735,Paulauskas
4736,Paulis
4737,Paulissen
4738,Paulsen
4739,Paulson
4740,Pauwels
4741,Pavesi
4742,PavÃ­a
4743,Pavia
4744,PaviÄ‡
4745,PaviÄiÄ‡
4746,PavletiÄ‡
4747,Pavlov
4748,PavloviÄ‡
4749,Pavlovski
4750,Pavlovsky
4751,Pavone
4752,Pavoni
4753,Pawlak
4754,Pawlitzki
4755,PawÅ‚owski
4756,Paxton
4757,Payne
4758,Payton
4759,Paz
4760,Peacock
4761,Peak
4762,Pearce
4763,Pearson
4764,PechÃ¡Äek
4765,Peck
4766,Pecora
4767,Pedersen
4768,Pedrotti
4769,Peel
4770,Peerenboom
4771,Peeters
4772,Pei
4773,PÃ©k
4774,Pekkanen
4775,PelÃ¡ez
4776,PellÃ©
4777,Pellegrino
4778,Pelletier
4779,Pelley
4780,Peltonen
4781,Pemberton
4782,PeÃ±a
4783,Pender
4784,Penders
4785,Penn
4786,Penner
4787,Penners
4788,Penny
4789,Pensak
4790,Pentti
4791,Penzak
4792,Penzig
4793,Penzik
4794,Pereira
4795,Pereiro
4796,Pereyra
4797,PÃ©rez
4798,Perez
4799,PeriÄ‡
4800,PÃ©rigord
4801,Perkins
4802,Perko
4803,PerkoviÄ‡
4804,Perrault
4805,Perreault
4806,Perrin
4807,Perrot
4808,Perry
4809,Persson
4810,Perugia
4811,Pesaresi
4812,Pesaro
4813,Pesce
4814,PeÅ¡ek
4815,Pesti
4816,Pesty
4817,PÃ©ter
4818,Peter
4819,Peters
4820,Petersen
4821,Peterson
4822,Petersson
4823,Pethes
4824,Petit
4825,PetÅ‘
4826,PetÅ‘cs
4827,PetÅ‘fi
4828,Petran
4829,Petrauskas
4830,Petrescu
4831,Petri
4832,PetriÄ‡
4833,Petrosyan
4834,Petrov
4835,PetroviÄ‡
4836,Petrovski
4837,Pettersen
4838,Pettersson
4839,Pettigrew
4840,Peura
4841,Peusen
4842,Peynirci
4843,Peyton
4844,Pfaff
4845,Pfeiffer
4846,Pfenning
4847,Pháº¡m
4848,Phan
4849,Phelps
4850,Pherigo
4851,Philippe
4852,Philips
4853,Phillips
4854,PiÄ…tek
4855,Piazza
4856,Picard
4857,Picasso
4858,Piccirillo
4859,Piccoli
4860,Pichler
4861,Pickering
4862,Pickle
4863,Pierce
4864,Pierno
4865,Pierre
4866,Pierson
4867,Pietri
4868,Pilgrim
4869,Pilkvist
4870,Pinheiro
4871,Pinho
4872,Pini
4873,PintÃ©r
4874,Pinto
4875,Piontek
4876,Piotrowski
4877,Piovene
4878,Piper
4879,Piraino
4880,Pisani
4881,Pitt
4882,Pittaluga
4883,Pitts
4884,Plamondon
4885,Planche
4886,Planck
4887,Plank
4888,Planque
4889,Plaskett
4890,Platt
4891,PleÅ¡ec
4892,PleÅ¡ko
4893,Pletcher
4894,Pletscher
4895,Plourde
4896,Pocock
4897,PodsednÃ­k
4898,Poggi
4899,Poggio
4900,Pohl
4901,Poindexter
4902,Poingdestre
4903,Poirier
4904,Poirot
4905,Pokorni
4906,Pokorny
4907,PokornÃ½
4908,PolÃ¡k
4909,Poletti
4910,Polley
4911,Pollock
4912,PololÃ¡nÃ­k
4913,Polzin
4914,Pond
4915,Pontecorvo
4916,Poole
4917,Pop
4918,Popa
4919,Pope
4920,Popescu
4921,PopÅ‚awski
4922,Popov
4923,Popovski
4924,Poppins
4925,Porcher
4926,Porra
4927,Porras
4928,Porsche
4929,Portelli
4930,Porter
4931,Portner
4932,Porto
4933,Portoghese
4934,PospÃ­Å¡il
4935,Post
4936,Potenza
4937,PotoÄnik
4938,Potter
4939,Pottinger
4940,Poulin
4941,Poulsen
4942,Pound
4943,Powell
4944,Power
4945,Powers
4946,Pozzi
4947,Pratt
4948,PraÅ¾ak
4949,Prebensen
4950,Prescott
4951,Presley
4952,Pressley
4953,Preston
4954,Pretorius
4955,Price
4956,Prichard
4957,Priddy
4958,Priestley
4959,Prieto
4960,Prifti
4961,Prinsen
4962,Prinz
4963,Pritchard
4964,Probert
4965,ProchÃ¡zka
4966,Profeta
4967,ProhÃ¡szka
4968,Prosdocimi
4969,Protz
4970,Proudfoot
4971,Proulx
4972,Provenza
4973,Provenzano
4974,Pryce
4975,Pryor
4976,Puerta
4977,Puga
4978,Pugh
4979,Pugliese
4980,Puig
4981,PulkrÃ¡bek
4982,Purcell
4983,PuskÃ¡s
4984,Pusztai
4985,Putin
4986,Putnam
4987,Qadir
4988,Quaranta
4989,Quattrocchi
4990,Queen
4991,Quesada
4992,Quick
4993,Quickley
4994,Quigg
4995,Quigley
4996,Quijada
4997,Quijano
4998,Quijote
4999,Quincey
5000,Quincy
5001,Quinlan
5002,Quinn
5003,QuiÃ±ones
5004,Quintana
5005,Quirk
5006,Quirke
5007,QuirÃ³s
5008,Quixada
5009,Quixano
5010,Quixote
5011,Quliyev
5012,RÃ¡cz
5013,Radcliff
5014,Radclyffe
5015,Rademacher
5016,Rademaker
5017,Rademakers
5018,Radev
5019,RadiÄ‡
5020,Radkov
5021,Radu
5022,Rae
5023,Rafferty
5024,Ragno
5025,Ragnvaldsson
5026,Raimondi
5027,Raines
5028,Rains
5029,Rais
5030,Rake
5031,Rakes
5032,Ralston
5033,Ramaker
5034,Ramakers
5035,Rameckers
5036,Ramires
5037,RamÃ­rez
5038,Ramos
5039,Ramsay
5040,Ramsey
5041,Rana
5042,Randal
5043,Randall
5044,Randell
5045,Randrup
5046,Raneri
5047,Ranta
5048,Rantanen
5049,Rao
5050,Rapallino
5051,Rapp
5052,Raptis
5053,Rasch
5054,Rask
5055,Raskob
5056,Raskop
5057,Raskopf
5058,Rasmussen
5059,Rasputin
5060,Ratti
5061,Rattray
5062,Rautio
5063,Ravenna
5064,Ravn
5065,Ray
5066,Rayne
5067,RÃ©
5068,Read
5069,Readdie
5070,Ready
5071,Reagan
5072,Rebane
5073,Redondo
5074,Reece
5075,Reed
5076,Reenberg
5077,Rees
5078,Reese
5079,Reeve
5080,Reeves
5081,Regan
5082,Regenbogen
5083,Å˜eha
5084,Reich
5085,Reid
5086,Reier
5087,Reiher
5088,Reijnders
5089,Reilly
5090,Reinders
5091,Reis
5092,Reiter
5093,Remington
5094,Ren
5095,Renard
5096,Renaud
5097,RendÃ³n
5098,Rennell
5099,Rennold
5100,Rennoll
5101,Resnik
5102,Rettig
5103,Reuter
5104,Revie
5105,Rey
5106,Reyer
5107,Reyes
5108,Reynders
5109,Reynell
5110,Reynolds
5111,Å˜eznÃ­Äek
5112,Å˜eznÃ­k
5113,Rhee
5114,Rhodes
5115,Rhydderch
5116,Ribeiro
5117,Riber
5118,Ricchetti
5119,Ricci
5120,Rice
5121,Richard
5122,Richards
5123,Richardson
5124,Richelieu
5125,Richter
5126,Rickard
5127,Rider
5128,Ridge
5129,Ridley
5130,Riese
5131,Rietveld
5132,Rigby
5133,Riggi
5134,Righi
5135,RigÃ³
5136,Rijnders
5137,Riley
5138,Rimmer
5139,Rinaldi
5140,Rinne
5141,RÃ­os
5142,Rios
5143,Ripley
5144,Ritter
5145,Riva
5146,Rivas
5147,Rivera
5148,Rivero
5149,Rivers
5150,Rizzo
5151,Roach
5152,Robbins
5153,Robert
5154,Roberts
5155,Robertsen
5156,Robertson
5157,RÃ³bertsson
5158,Robertsson
5159,Robin
5160,Robinson
5161,Robledo
5162,Robles
5163,Robson
5164,Robustelli
5165,Rocca
5166,Rocchi
5167,Rocco
5168,Rocha
5169,Roche
5170,Roderick
5171,Rodgers
5172,Rodney
5173,Rodrigues
5174,RodrÃ­guez
5175,Rodriquez
5176,RÃ³g
5177,Roger
5178,Rogers
5179,Rogerson
5180,Roggeveen
5181,Roig
5182,Roijackers
5183,Roijakkers
5184,Rojas
5185,Rojo
5186,RoldÃ¡n
5187,Rolland
5188,Rollins
5189,Rolvsson
5190,Roma
5191,RomÃ 
5192,Romagna
5193,Romagnoli
5194,Romano
5195,Romanov
5196,RomÃ£o
5197,Rome
5198,Romeijn
5199,Romeijnders
5200,Romeijnsen
5201,Romero
5202,Romijn
5203,Romijnders
5204,Romijnsen
5205,Romilly
5206,Rompa
5207,Roncalli
5208,Ronchi
5209,Rooijakkers
5210,Roosa
5211,Roosevelt
5212,Rosa
5213,Rosales
5214,RosÃ¡rio
5215,Rosario
5216,Roscoe
5217,Rose
5218,Rosenberg
5219,Rosenberger
5220,Rosenfeld
5221,Ross
5222,Rossi
5223,Rossini
5224,Rostami
5225,Rot
5226,Roth
5227,Rothbauer
5228,Rothenberg
5229,Rothschild
5230,Rotolo
5231,Rounds
5232,Rousseau
5233,Roussel
5234,Roux
5235,Rovigatti
5236,Rowan
5237,Rowbottom
5238,Rowe
5239,Rowland
5240,Rowntree
5241,Roxas
5242,Roy
5243,Royce
5244,Royceston
5245,Roydon
5246,Royer
5247,Royle
5248,Royston
5249,RÃ³zsa
5250,Ruan
5251,Ruane
5252,Rubio
5253,Rudaski
5254,Rudawski
5255,Ruf
5256,Ruff
5257,Ruggeri
5258,Ruggiero
5259,Ruggles
5260,Ruiz
5261,RundstrÃ¶m
5262,Ruoho
5263,Ruotsalainen
5264,Rush
5265,Ruskin
5266,Rusnak
5267,Russel
5268,Russell
5269,Russo
5270,Rustici
5271,Rutgers
5272,Rutherford
5273,Rutherfurd
5274,Rutkowski
5275,Rutten
5276,Ruud
5277,RÅ¯Å¾iÄka
5278,Ruzsa
5279,Ruzzier
5280,Ryan
5281,Ryba
5282,RybÃ¡r
5283,RybÃ¡Å™
5284,Ryder
5285,Rye
5286,Ryer
5287,Ryland
5288,Ryley
5289,Ryskamp
5290,Saab
5291,Saar
5292,Saari
5293,Saarinen
5294,Sabbadin
5295,Sacco
5296,Sachs
5297,Sackville
5298,SadÄ±k
5299,Sadler
5300,Sadowski
5301,Saito
5302,SaitÅ
5303,Saitou
5304,Sakamoto
5305,Sala
5306,Salamanca
5307,Salamon
5308,Salazar
5309,Salcedo
5310,SalihoviÄ‡
5311,Salinas
5312,Saller
5313,Salminen
5314,Salmon
5315,Salo
5316,Salomon
5317,Salonen
5318,Salucci
5319,Salvage
5320,Salvaggi
5321,Salvatici
5322,Salvi
5323,Salzwedel
5324,Samara
5325,Samaras
5326,Sampson
5327,Sams
5328,Samsa
5329,Samson
5330,Samuel
5331,Samuels
5332,Samuelson
5333,Samuelsson
5334,Sanada
5335,SÃ¡nchez
5336,Sanchez
5337,Sandberg
5338,Sander
5339,Sanders
5340,Sanderson
5341,Sandford
5342,SÃ¡ndor
5343,Sandoval
5344,Sands
5345,SandstrÃ¶m
5346,Sanford
5347,Sangster
5348,Sanna
5349,San NicolÃ¡s
5350,Sano
5351,Sansone
5352,Santana
5353,Santiago
5354,Santini
5355,Santo
5356,Santoro
5357,Santos
5358,Sanz
5359,Sapienti
5360,Sappington
5361,Saqqaf
5362,Sargent
5363,Sargsyan
5364,Sarka
5365,Sarkisian
5366,Sarkissian
5367,Sarkisyan
5368,SÃ¡rkÃ¶zi
5369,Sarkozi
5370,SÃ¡rkÃ¶zy
5371,Sarkozy
5372,Sarno
5373,Sarti
5374,Sartini
5375,Sarto
5376,Sartor
5377,Sartore
5378,Sartre
5379,Sas
5380,Sasaki
5381,Sass
5382,Sastre
5383,Sato
5384,SatÅ
5385,Satou
5386,Sauber
5387,Sauer
5388,Sault
5389,Saunders
5390,Sauter
5391,Sauvage
5392,Sauvageau
5393,Sauvageon
5394,Sauvageot
5395,Sauveterre
5396,Savage
5397,Savatier
5398,Savege
5399,Savidge
5400,Savona
5401,Sawyer
5402,Sayer
5403,Saylor
5404,Scarlett
5405,Scarpa
5406,Scarsi
5407,Scavo
5408,SchÃ¤fer
5409,Scheer
5410,Scheinberg
5411,Schenck
5412,Schenk
5413,Scherer
5414,Schermer
5415,Schindler
5416,Schirmer
5417,Schlender
5418,Schlimme
5419,SchlÃ¶sser
5420,Schlosser
5421,Schmeling
5422,Schmid
5423,Schmidt
5424,Schmitt
5425,Schmitz
5426,Schneider
5427,Schneiders
5428,Schneijder
5429,Schnell
5430,Schnoor
5431,Schnur
5432,Schofield
5433,Scholz
5434,School
5435,Schoorel
5436,Schoorl
5437,Schorel
5438,SchÃ¶ttmer
5439,Schovajsa
5440,SchrÃ¤der
5441,Schrader
5442,Schreck
5443,Schreiber
5444,Schreier
5445,Schrijnemakers
5446,SchrÃ¶der
5447,Schroeder
5448,Schroeter
5449,SchrÃ¶ter
5450,Schubert
5451,Schuchard
5452,Schuchardt
5453,Schuchert
5454,Schuhart
5455,Schuhmacher
5456,Schuler
5457,Schult
5458,Schulte
5459,Schultes
5460,Schultheis
5461,Schultheiss
5462,SchultheiÃŸ
5463,Schultz
5464,Schultze
5465,Schulz
5466,Schulze
5467,Schumacher
5468,Schuster
5469,SchÃ¼ttmann
5470,Schuyler
5471,Schwangau
5472,Schwartz
5473,Schwarz
5474,Schwarzenberg
5475,Schwarzenegger
5476,Schweitzer
5477,Schwenke
5478,Schwinghammer
5479,Sciacca
5480,Sciacchitano
5481,Sciarra
5482,Scola
5483,Scordato
5484,Scott
5485,Scotti
5486,Scriven
5487,Scrivener
5488,Scrivenor
5489,Scrivens
5490,Scrooge
5491,Scully
5492,Seabrook
5493,Seabrooke
5494,Seaver
5495,Sebastiani
5496,SedlÃ¡Äek
5497,SedlÃ¡k
5498,Seeger
5499,Seegers
5500,Seelen
5501,Seelenfreund
5502,Segal
5503,Segers
5504,Seghers
5505,Segreti
5506,Seidel
5507,Seki
5508,Selby
5509,Selvaggio
5510,Sempers
5511,Senft
5512,Senior
5513,Sepp
5514,SeppÃ¤
5515,SeppÃ¤nen
5516,SepÃºlveda
5517,Serafim
5518,Serafin
5519,Serafini
5520,È˜erban
5521,Seres
5522,Sergeant
5523,Serizawa
5524,Serpico
5525,Serra
5526,Serrano
5527,Sessa
5528,Sessions
5529,Å evÄÃ­k
5530,Severijns
5531,SÃ©verin
5532,Severins
5533,Sevriens
5534,Seward
5535,Sexton
5536,Seymour
5537,Sgro
5538,Shafir
5539,Shah
5540,Shain
5541,Shakespeare
5542,Shannon
5543,Shapiro
5544,Sharma
5545,Sharman
5546,Sharp
5547,Sharpe
5548,Sharrow
5549,Shaughnessy
5550,Shaw
5551,Shea
5552,Sheach
5553,Shearer
5554,Sheedy
5555,Sheehy
5556,Sheenan
5557,Shehu
5558,Sheinfeld
5559,Shelby
5560,Shelton
5561,Shepard
5562,Shepherd
5563,Sheppard
5564,Sherazi
5565,Sherburn
5566,Sherburne
5567,Sheridan
5568,Sherman
5569,Shevchenko
5570,Shevchuk
5571,Shibuya
5572,Shimada
5573,Shimizu
5574,Shine
5575,Shinkawa
5576,Shinoda
5577,Shinohara
5578,Shirai
5579,Shiraishi
5580,Shiratori
5581,Shirazi
5582,Shirley
5583,Short
5584,Shriver
5585,Shvets
5586,Shwetz
5587,Siddall
5588,Sidney
5589,Siebert
5590,Siegel
5591,Sieger
5592,Siegert
5593,Siekert
5594,Siemon
5595,Siena
5596,Sienkiewicz
5597,Sierra
5598,SierÅ¼ant
5599,Sigurdsson
5600,SigurÃ°sson
5601,Sikora
5602,Silje
5603,Silva
5604,Silveira
5605,Silver
5606,Silverstein
5607,Silvestri
5608,Å imek
5609,Simen
5610,Simeonov
5611,Simmon
5612,Simmons
5613,Simms
5614,SimÃµes
5615,Å imon
5616,SimÃ³n
5617,Simon
5618,Simoneit
5619,Å imonis
5620,Simonis
5621,Simons
5622,Simonsen
5623,Simonson
5624,Simonsson
5625,Simpkin
5626,Simpson
5627,Sims
5628,Å imunoviÄ‡
5629,Sinagra
5630,Sinclair
5631,Singh
5632,Sipos
5633,Siskin
5634,Siskind
5635,Sitko
5636,Sitz
5637,SjÃ¶berg
5638,SjÃ¶gren
5639,SkÃ¡la
5640,SkaÅ‚a
5641,SkalickÃ½
5642,Skeates
5643,Skinner
5644,Skjeggestad
5645,Skov
5646,Skovgaard
5647,Skywalker
5648,Slane
5649,ÅšlÄ…ski
5650,Slater
5651,SlÃ¡vik
5652,SlavÃ­k
5653,Slavkov
5654,ÅšlÄ…zak
5655,SlezÃ¡k
5656,Sloan
5657,Sloane
5658,Slootmaekers
5659,SlovÃ¡Äek
5660,SlovÃ¡k
5661,Åšlusarczyk
5662,Åšlusarski
5663,Slusser
5664,Small
5665,Smalls
5666,Smedley
5667,Smeets
5668,Smets
5669,Smirnov
5670,Smit
5671,Smith
5672,Smits
5673,Smola
5674,Smolak
5675,Smolarek
5676,Smythe
5677,Snaaijer
5678,Snaijer
5679,Sneiders
5680,Sneijder
5681,Sneijders
5682,Sneijer
5683,Sneijers
5684,Snel
5685,Snell
5686,Snelling
5687,Snider
5688,Sniders
5689,Åšniegowski
5690,Snijder
5691,Snijders
5692,Snyder
5693,Snyders
5694,Soares
5695,Sobel
5696,SobÃ³l
5697,Sobol
5698,SÃ¶derberg
5699,Sokal
5700,SokÃ³Å‚
5701,Sokol
5702,Sokoll
5703,Sokolof
5704,Sokoloff
5705,Sokolov
5706,Sokolovsky
5707,SokoÅ‚owski
5708,Sokolsky
5709,Solak
5710,Solberg
5711,Soldati
5712,Soler
5713,Solo
5714,Solomon
5715,Solos
5716,SÃ³lyom
5717,Somma
5718,Sommer
5719,Somogyi
5720,Song
5721,Sonnen
5722,Sordi
5723,SÃ¶rensen
5724,SÃ¸rensen
5725,Sorenson
5726,SÃ¶rensson
5727,Sorg
5728,Sorge
5729,Soriano
5730,SÃ¶rÃ¶s
5731,Sorrentino
5732,Sosa
5733,Soto
5734,SouÄek
5735,Soucy
5736,Soun
5737,Sourd
5738,Sousa
5739,Southers
5740,Southgate
5741,Souza
5742,SovÃ¡ny
5743,Sowards
5744,SÃ³wka
5745,Spada
5746,Spalding
5747,Spannagel
5748,SpanÃ²
5749,Sparacello
5750,Sparks
5751,Spear
5752,Spearing
5753,Spears
5754,Specht
5755,Speight
5756,Spellmeyer
5757,Spence
5758,Spencer
5759,Speziale
5760,Spijker
5761,Spiker
5762,Spillum
5763,Spini
5764,Spiros
5765,Spitz
5766,Spitznagel
5767,Spitznogle
5768,Sponaugle
5769,Spooner
5770,Spurling
5771,Spyros
5772,Stabile
5773,Stablum
5774,Stacey
5775,Stack
5776,Stacks
5777,Stacy
5778,Stafford
5779,Stainthorpe
5780,Stamp
5781,Stan
5782,Stanek
5783,Stanev
5784,Stanford
5785,StankeviÄius
5786,StankiÄ‡
5787,Stankiewicz
5788,StankoviÄ‡
5789,Stanley
5790,Stanton
5791,StÃ¡rek
5792,Starek
5793,Stark
5794,Starosta
5795,Starr
5796,Starrett
5797,Stasiuk
5798,Statham
5799,Stauss
5800,Stavros
5801,Stawski
5802,Steed
5803,Steele
5804,Steen
5805,Steensen
5806,Stefanidis
5807,Stefanov
5808,StefanoviÄ‡
5809,Stefansen
5810,StefÃ¡nsson
5811,Stefansson
5812,Steffen
5813,Steffensen
5814,Stein
5815,Steiner
5816,Steinmann
5817,Steinsson
5818,Stenberg
5819,Stendahl
5820,Stenger
5821,Å tÄ›pÃ¡nek
5822,Stephanidis
5823,Stephens
5824,Stephenson
5825,Sterling
5826,Stern
5827,Sternberg
5828,Steube
5829,Steuben
5830,Stevens
5831,Stevenson
5832,Stewart
5833,Stidolph
5834,Stieber
5835,Stigsson
5836,Stilo
5837,Stirling
5838,StjepaniÄ‡
5839,St John
5840,St Martin
5841,Stoddard
5842,Stoica
5843,Stojanov
5844,StojanoviÄ‡
5845,Stojanovski
5846,Stolarz
5847,Stone
5848,Stoppelbein
5849,Storstrand
5850,Stoyanov
5851,St Pierre
5852,Strand
5853,Strange
5854,Straub
5855,Street
5856,Strickland
5857,Stringer
5858,Strnad
5859,Strobel
5860,Strohkirch
5861,StrÃ¶m
5862,StrÃ¸m
5863,Stroman
5864,Strong
5865,Stroud
5866,Strudwick
5867,Struna
5868,Stuart
5869,Stuber
5870,StÃ¼ck
5871,Stueck
5872,Stumpf
5873,Sturm
5874,Styles
5875,SuÃ¡rez
5876,SuchÃ½
5877,Sudworth
5878,Suen
5879,Suero
5880,Suess
5881,Suggitt
5882,Sugiura
5883,Sugiyama
5884,Sullivan
5885,Sultan
5886,Sultana
5887,Sulzbach
5888,Summerfield
5889,Summers
5890,Sumner
5891,Sun
5892,Sundberg
5893,SundÃ©n
5894,SundstrÃ¶m
5895,Sung
5896,SÃ¼ss
5897,SÃ¼ÃŸ
5898,Susskind
5899,Sutherland
5900,Sutton
5901,Suzuki
5902,SvÃ©d
5903,Svendsen
5904,Svensen
5905,Svenson
5906,Svensson
5907,Svoboda
5908,Swallow
5909,Swango
5910,Swanson
5911,Sweeney
5912,Sweet
5913,Swift
5914,Swindlehurst
5915,Switzer
5916,Sydney
5917,SÃ½kora
5918,Symonds
5919,Symons
5920,SzabÃ³
5921,Szabolcsi
5922,SzÃ¡ntÃ³
5923,Szarka
5924,Szarvas
5925,SzczepaÅ„ski
5926,SzÃ©kely
5927,Szekeres
5928,SzÃ©p
5929,Szewc
5930,SzilÃ¡gyi
5931,SzÅ‘ke
5932,Szombathy
5933,SzÅ±cs
5934,Szwarc
5935,Szwed
5936,Szweda
5937,Szwedko
5938,SzymaÅ„ski
5939,Tachibana
5940,TadiÄ‡
5941,Tafani
5942,Taft
5943,Taggart
5944,TahiroviÄ‡
5945,TÃ¤htinen
5946,Tailler
5947,Tailor
5948,TakÃ¡cs
5949,Takahashi
5950,Takala
5951,Takeda
5952,Takenaka
5953,Takeuchi
5954,Tamaro
5955,TamÃ¡s
5956,Tamboia
5957,Tamboli
5958,Tamm
5959,Tamura
5960,Tan
5961,Tanaka
5962,Tang
5963,Tangeman
5964,Tani
5965,Taniguchi
5966,Tanner
5967,Tanzer
5968,Tanzi
5969,Tapia
5970,Tar
5971,Tarantino
5972,Targaryen
5973,Tarpinian
5974,Tarr
5975,Tash
5976,Tasker
5977,Tasse
5978,Tate
5979,Tatham
5980,Tatton
5981,Tatum
5982,Taube
5983,Taverna
5984,Tawfeek
5985,Tawfiq
5986,Taylor
5987,Tchaikovsky
5988,Teagan
5989,Teague
5990,Tedesco
5991,Teel
5992,Tehrani
5993,Teixeira
5994,Teke
5995,Temitope
5996,Tennfjord
5997,Tennison
5998,Tennyson
5999,Ter Avest
6000,Terranova
6001,Terrazas
6002,Terrell
6003,Terry
6004,Terzi
6005,TerziÄ‡
6006,TesaÅ™
6007,TesaÅ™ik
6008,Tessaro
6009,Testa
6010,Teufel
6011,Teunissen
6012,Thacker
6013,ThÃ¤lmann
6014,Thatcher
6015,Thayer
6016,Theunissen
6017,Thibault
6018,Thomas
6019,Thomassen
6020,Thompkins
6021,Thompsett
6022,Thompson
6023,Thomson
6024,Thorburn
6025,ÃžÃ³rirsson
6026,Thorley
6027,Thorn
6028,Thorne
6029,Thornton
6030,Thorpe
6031,Thorsen
6032,Thrussell
6033,Thurstan
6034,Thwaite
6035,Tiedeman
6036,Tiedemann
6037,Tierney
6038,Tifft
6039,Tighe
6040,Tilki
6041,Tillens
6042,TÃ­mÃ¡r
6043,Timberlake
6044,Tindall
6045,Tinker
6046,Tipton
6047,Tiraboschi
6048,Tirrell
6049,Tiryaki
6050,Tisza
6051,Tittensor
6052,Tivoli
6053,TjÃ¤der
6054,Tkachenko
6055,Tkachuk
6056,Tobias
6057,Tobin
6058,Tod
6059,Todaro
6060,Todd
6061,Todorov
6062,Toft
6063,Toivonen
6064,Tolbert
6065,Toledano
6066,Tolkien
6067,Tollemache
6068,Toller
6069,Toloni
6070,Tolvaj
6071,TomÃ s
6072,TÃ³masson
6073,Tomasson
6074,TomÄiÄ‡
6075,Tomczak
6076,TomiÄ‡
6077,Tomov
6078,Toole
6079,Tordai
6080,Tornincasa
6081,TÃ¶rÃ¶k
6082,Torosian
6083,Torosyan
6084,Torres
6085,Tos
6086,Tosell
6087,Toselli
6088,Toset
6089,Tosetti
6090,Tosi
6091,Tosto
6092,TÃ³t
6093,TÃ³th
6094,Towner
6095,Townsend
6096,Tracey
6097,Tracy
6098,Trajkovski
6099,Tráº§n
6100,Tran
6101,Trapani
6102,Trask
6103,Traver
6104,Travere
6105,Travers
6106,Traversa
6107,Traverse
6108,Traversi
6109,Traversini
6110,Traverso
6111,Travert
6112,Traves
6113,Travieso
6114,Travis
6115,Traviss
6116,Traylor
6117,Treacy
6118,Treloar
6119,Tremblay
6120,Tremble
6121,Trengove
6122,Trent
6123,Trevis
6124,Trevor
6125,Trifonov
6126,Triggs
6127,Tritten
6128,Troelsen
6129,Troy
6130,Trucco
6131,Trudeau
6132,Trudu
6133,Trueman
6134,Trujillo
6135,Truman
6136,Trumbauer
6137,Trump
6138,Tschida
6139,Tse
6140,Tsui
6141,Tsukuda
6142,Tsunoda
6143,Tsvetanov
6144,Tsvetkov
6145,Tucker
6146,Tuff
6147,Tuft
6148,Tumicelli
6149,Tunison
6150,Tuominen
6151,Tupper
6152,Turati
6153,Turchi
6154,Turnbull
6155,Turner
6156,Tveit
6157,Twist
6158,Tyler
6159,Tyrell
6160,Tyrrell
6161,Tyson
6162,Uberti
6163,UbiÃ±a
6164,Uccello
6165,Uchiyama
6166,Ueda
6167,Uehara
6168,Ueno
6169,Uggeri
6170,Ughi
6171,Ulfsson
6172,Underhill
6173,Underwood
6174,Ungaretti
6175,Ungaro
6176,Ungur
6177,Unkle
6178,Unruh
6179,Unterbrink
6180,Upton
6181,Urbina
6182,Urbonas
6183,UreÃ±a
6184,Urquhart
6185,Utkin
6186,Uzun
6187,Vacca
6188,Vaccaro
6189,Vacek
6190,VacÃ­k
6191,Vadas
6192,VÄƒduva
6193,Valdez
6194,Vale
6195,Valencia
6196,Valenta
6197,Valenti
6198,Valentini
6199,Valentinov
6200,Valeriev
6201,Valerio
6202,Valiente
6203,Valjean
6204,VÃ¡mos
6205,VÄƒn
6206,Van Aalsburg
6207,Van Aalst
6208,Van Aarle
6209,Van Achteren
6210,Van Achthoven
6211,Van Adrichem
6212,Van Aggelen
6213,Van Agteren
6214,Van Agthoven
6215,Van Akkeren
6216,Van Aller
6217,Van Alphen
6218,Van Alst
6219,Van Altena
6220,Van Althuis
6221,Van Amelsvoort
6222,Van Amersvoort
6223,Van Amstel
6224,Van Andel
6225,Van Ankeren
6226,Van Antwerp
6227,Van Antwerpen
6228,Van Apeldoorn
6229,Van Arendonk
6230,Van As
6231,Van Asch
6232,Van Assen
6233,Van Baarle
6234,Van Bokhoven
6235,Van Breda
6236,Van Bueren
6237,Van Buggenum
6238,Van Buren
6239,Van Can
6240,Van Cann
6241,Vance
6242,Vanchev
6243,VanÄura
6244,Van Daal
6245,Van Daalen
6246,Van Dael
6247,Van Daele
6248,Van Dale
6249,Vandale
6250,Van Dalen
6251,Van de Laar
6252,Van den Akker
6253,Van den Andel
6254,Van den Berg
6255,Van der Aart
6256,Van der Beek
6257,Van der Berg
6258,Van der Hout
6259,Van der Laar
6260,Van der Stoep
6261,Van der Veen
6262,Van der Ven
6263,Van der Venne
6264,Van der Vennen
6265,Van der Zee
6266,Van de Vliert
6267,Van Dijk
6268,Van Donk
6269,Vandroogenbroeck
6270,VanÄ›k
6271,Vanev
6272,VÃ¥ng
6273,Vang
6274,Vanhanen
6275,Van Hassel
6276,Van Hautum
6277,Van Heel
6278,Van Herten
6279,Van Hofwegen
6280,Van Hoorn
6281,Van Horn
6282,Van Hout
6283,Van Houte
6284,Van Houtem
6285,Van Houten
6286,Van Houttum
6287,Van Houtum
6288,Van Kan
6289,Van Kann
6290,Vankov
6291,Van Laar
6292,Van Laren
6293,Van Leeuwenhoek
6294,Van Middelburg
6295,Van Middlesworth
6296,Vann
6297,Van Nifterick
6298,Van Nifterik
6299,Van Niftrik
6300,Van Ogtrop
6301,Van Oirschot
6302,Van Oorschot
6303,Van Ophoven
6304,Van Peij
6305,Van Pey
6306,Van Rompa
6307,Van Rompaey
6308,Van Rompay
6309,Van Rompaye
6310,Van Rompu
6311,Van Rompuy
6312,Van Rossem
6313,Van Rossum
6314,Van Schoorl
6315,Vantchev
6316,Van 't Hout
6317,Van Tonder
6318,Van Veen
6319,Van Veenen
6320,Van Wegberg
6321,Van Wieren
6322,Van Willigen
6323,Varano
6324,Vardanyan
6325,Varela
6326,Varga
6327,Vargas
6328,Vargha
6329,Varley
6330,Varnham
6331,Vartanian
6332,VaÅ¡ek
6333,Vasile
6334,Vasilescu
6335,Vasilev
6336,Vasiliauskas
6337,Vasilyev
6338,VÃ¡squez
6339,Vass
6340,Vastag
6341,Vastagh
6342,Vasylyk
6343,Vasylyshyn
6344,Vaughan
6345,Vaughn
6346,VÃ¡vra
6347,VÃ¡zquez
6348,Vega
6349,Vela
6350,Velasco
6351,VelÃ¡squez
6352,VelÃ¡zquez
6353,Velichkov
6354,Velitchkov
6355,Vemulakonda
6356,VenÃ¤lÃ¤inen
6357,Vencel
6358,Venczel
6359,Venner
6360,Ventimiglia
6361,Ventura
6362,Verboom
6363,Veres
6364,Vergoossen
6365,Verhoeven
6366,Verity
6367,Vermeulen
6368,Vernersen
6369,Vernon
6370,Verona
6371,Veronesi
6372,Ververs
6373,Vervloet
6374,Vescovi
6375,Vesela
6376,VeselÃ½
6377,Vespa
6378,Vestergaard
6379,Vestri
6380,Vicario
6381,Vicente
6382,Vico
6383,Victor
6384,Victors
6385,Victorsson
6386,Vida
6387,Vidal
6388,VidoviÄ‡
6389,Vieth
6390,Vigo
6391,Viktorov
6392,Vilar
6393,VilarÃ³
6394,VilhjÃ¡lmsson
6395,Villa
6396,Villalobos
6397,Villanueva
6398,Villar
6399,Villaverde
6400,Villeneuve
6401,Vincent
6402,Vinci
6403,Vincze
6404,VinkoviÄ‡
6405,Vinogradov
6406,Vinter
6407,Viola
6408,Vipond
6409,VirÃ¡g
6410,Virgo
6411,Virtanen
6412,Visscher
6413,Visser
6414,Vitale
6415,Vitali
6416,Viteri
6417,Vivas
6418,Vives
6419,Vladimirescu
6420,VlahoviÄ‡
6421,VlasÃ¡k
6422,VlaÅ¡iÄ‡
6423,VlaÅ¡iÄ
6424,VlÄek
6425,VÃµ
6426,Voclain
6427,Vodenicharov
6428,Vogel
6429,Vogels
6430,Vogt
6431,Vogts
6432,Voigt
6433,Voigts
6434,Volk
6435,Volkov
6436,Voll
6437,Vollan
6438,Voltolini
6439,Von Brandt
6440,Von Essen
6441,Von Grimmelshausen
6442,Von Ingersleben
6443,Vonnegut
6444,Voronin
6445,VÃ¶rÃ¶s
6446,Voss
6447,VoÃŸ
6448,Vossen
6449,Vroom
6450,Vroomen
6451,Vrubel
6452,VÅ©
6453,Vukoja
6454,VukoviÄ‡
6455,Wada
6456,Wade
6457,WÃ¤gner
6458,Wagner
6459,WÃ¤hner
6460,Wahner
6461,Wakefield
6462,Waldfogel
6463,Waldroup
6464,Waldvogel
6465,Walentowicz
6466,Walkenhorst
6467,Walker
6468,Wallace
6469,Wallach
6470,Waller
6471,Wallis
6472,Walmsley
6473,Walsh
6474,Walter
6475,Walters
6476,Walterson
6477,Waltersson
6478,Walther
6479,Walton
6480,Waltz
6481,Wang
6482,Ward
6483,Wardrobe
6484,Ware
6485,Warner
6486,Warren
6487,Warrick
6488,Warshawsky
6489,Warszawski
6490,Warwick
6491,Wash
6492,Washington
6493,Wasilewski
6494,Watanabe
6495,Waterman
6496,Waters
6497,Watkins
6498,Watson
6499,Watt
6500,Wattana
6501,Watts
6502,Wauters
6503,Wawrzaszek
6504,Waxweiler
6505,Way
6506,Wayne
6507,Weasley
6508,Weaver
6509,Webb
6510,Weber
6511,Webster
6512,Wechsler
6513,Wedekind
6514,Weeber
6515,Weekes
6516,Wegener
6517,Wegner
6518,Wehner
6519,Wehnert
6520,Wehunt
6521,Weigand
6522,Weimann
6523,Weiner
6524,Weiss
6525,WeiÃŸ
6526,Welch
6527,Wells
6528,Welter
6529,Wembley
6530,Wen
6531,Wendel
6532,Wendell
6533,Werner
6534,Wernher
6535,Wescott
6536,Wesley
6537,West
6538,Westbrook
6539,Westcott
6540,Westenberg
6541,Westerberg
6542,Westley
6543,Weston
6544,Wetzel
6545,Wexler
6546,Whalen
6547,Wheatley
6548,Wheeler
6549,Wheelock
6550,Whelan
6551,Whinery
6552,Whitaker
6553,White
6554,Whitehead
6555,Whitney
6556,Whittemore
6557,Whittle
6558,Wiater
6559,Wibawa
6560,Wibowo
6561,Wickham
6562,Wieck
6563,Wiegand
6564,Wilbur
6565,Wilcox
6566,Wildgrube
6567,Wiley
6568,Wilk
6569,Wilkerson
6570,Wilkie
6571,Wilkins
6572,Wilkinson
6573,Willard
6574,Willems
6575,Willemse
6576,Willemsen
6577,Willey
6578,William
6579,Williams
6580,Williamson
6581,Willis
6582,Willoughby
6583,Wilmer
6584,Wilms
6585,Wilson
6586,Wilton
6587,Winchester
6588,Windsor
6589,Winfield
6590,Winkler
6591,Winograd
6592,Winogrodzki
6593,Winship
6594,Winslow
6595,Winston
6596,Winter
6597,Winterbottom
6598,Winther
6599,Winthrop
6600,Winton
6601,Wirner
6602,Wirnhier
6603,Wirt
6604,Wirth
6605,WiÅ›niewski
6606,Witherspoon
6607,Wojciechowski
6608,WÃ³jcik
6609,Wojda
6610,Wojewoda
6611,WojewÃ³dka
6612,WojewÃ³dzki
6613,Wolanski
6614,Wolf
6615,Wolfe
6616,Wolff
6617,Wolter
6618,Wolters
6619,Womack
6620,Wong
6621,Wood
6622,Woodcock
6623,Woodham
6624,Woodhams
6625,Woodrow
6626,Woods
6627,Woodward
6628,Wootton
6629,WÃ¶rner
6630,WÃ¶rnhÃ¶r
6631,Wortham
6632,Wouters
6633,WoÅºniak
6634,Wragge
6635,Wray
6636,Wright
6637,Wrona
6638,Wronski
6639,Wruck
6640,Wu
6641,Wuopio
6642,Wyatt
6643,Wyman
6644,Wyndham
6645,Wynne
6646,Wyrick
6647,Wyrzyk
6648,Wyrzykowski
6649,Xanthopoulos
6650,Xie
6651,Xu
6652,Xun
6653,Xylander
6654,Yakovlev
6655,Yamada
6656,Yamaguchi
6657,Yamamoto
6658,Yamasaki
6659,Yamashita
6660,Yamauchi
6661,Yamazaki
6662,Yancy
6663,Yanev
6664,Yang
6665,Yankov
6666,Yap
6667,Yasuda
6668,Yates
6669,Ybarra
6670,Yeung
6671,Yi
6672,YÄ±lmaz
6673,Yong
6674,Yonker
6675,Yonkers
6676,Yoon
6677,Yordanov
6678,York
6679,Yoshida
6680,Yoshino
6681,Yoshioka
6682,Young
6683,Younge
6684,Yount
6685,Yoxall
6686,Yu
6687,Yuan
6688,Yuen
6689,Yukimura
6690,Yun
6691,Zaal
6692,Zabala
6693,ZÄ…bek
6694,Zahariev
6695,ZahradnÃ­k
6696,ZajÄ…c
6697,Zaman
6698,Zambrano
6699,Zamorano
6700,Zanetti
6701,Zangari
6702,Zapatero
6703,Zappa
6704,ZariÅ†Å¡
6705,Zavala
6706,Zawisza
6707,Zdravkov
6708,Zdunowski
6709,Zeegers
6710,Zeelen
6711,Zegers
6712,Zelenka
6713,Zelenko
6714,Zellweger
6715,Zeman
6716,Zeni
6717,Zentai
6718,Zhang
6719,Zhao
6720,Zheng
6721,Zhivkov
6722,Zhou
6723,Zhu
6724,Ziegler
6725,ZieliÅ„ski
6726,Ziemniak
6727,Zientek
6728,ZiÄ™tek
6729,Zilberschlag
6730,Zilberstein
6731,Zima
6732,Zimman
6733,Zimmerman
6734,Zimmermann
6735,Zingel
6736,Zini
6737,Zino
6738,Ziskind
6739,Å½itnik
6740,Å½ivkoviÄ‡
6741,Zlatkov
6742,ZoltÃ¡nfi
6743,ZoriÄ‡
6744,Zsoldos
6745,Zubizarreta
6746,Zuiderduin
6747,Å½ukauskas
6748,Å»ukowski
6749,ZuÃ±iga
6750,Zunino
6751,Å½upan
6752,Zupan
6753,ZupanÄiÄ
6754,Å»uraw
6755,Zyma
